comparison,from_label,to_label,count
label_first_greedy_minus_canonical,aesthetics,aesthetics,60
label_first_greedy_minus_canonical,aesthetics,functionality,5
label_first_greedy_minus_canonical,functionality,functionality,134
label_first_greedy_minus_canonical,symbolism,functionality,1
sample_seed_11_minus_canonical,aesthetics,aesthetics,55
sample_seed_11_minus_canonical,aesthetics,functionality,10
sample_seed_11_minus_canonical,functionality,aesthetics,13
sample_seed_11_minus_canonical,functionality,functionality,119
sample_seed_11_minus_canonical,functionality,symbolism,1
sample_seed_11_minus_canonical,functionality,usability,1
sample_seed_11_minus_canonical,symbolism,functionality,1
sample_seed_23_minus_canonical,aesthetics,aesthetics,57
sample_seed_23_minus_canonical,aesthetics,functionality,8
sample_seed_23_minus_canonical,functionality,aesthetics,6
sample_seed_23_minus_canonical,functionality,functionality,128
sample_seed_23_minus_canonical,symbolism,functionality,1
sample_seed_37_minus_canonical,aesthetics,aesthetics,56
sample_seed_37_minus_canonical,aesthetics,functionality,9
sample_seed_37_minus_canonical,functionality,aesthetics,9
sample_seed_37_minus_canonical,functionality,functionality,123
sample_seed_37_minus_canonical,functionality,symbolism,2
sample_seed_37_minus_canonical,symbolism,functionality,1
sample_seed_47_minus_canonical,aesthetics,aesthetics,55
sample_seed_47_minus_canonical,aesthetics,functionality,10
sample_seed_47_minus_canonical,functionality,aesthetics,7
sample_seed_47_minus_canonical,functionality,functionality,126
sample_seed_47_minus_canonical,functionality,symbolism,1
sample_seed_47_minus_canonical,symbolism,functionality,1
sample_seed_59_minus_canonical,aesthetics,aesthetics,59
sample_seed_59_minus_canonical,aesthetics,functionality,6
sample_seed_59_minus_canonical,functionality,aesthetics,9
sample_seed_59_minus_canonical,functionality,functionality,123
sample_seed_59_minus_canonical,functionality,symbolism,2
sample_seed_59_minus_canonical,symbolism,symbolism,1
