condition,image_id,design_intent
canonical_greedy,sports_car_001,aesthetics
canonical_greedy,sports_car_002,aesthetics
canonical_greedy,sports_car_003,aesthetics
canonical_greedy,sports_car_004,aesthetics
canonical_greedy,sports_car_005,aesthetics
canonical_greedy,sports_car_006,aesthetics
canonical_greedy,sports_car_007,aesthetics
canonical_greedy,sports_car_008,aesthetics
canonical_greedy,sports_car_009,aesthetics
canonical_greedy,sports_car_010,aesthetics
canonical_greedy,sports_car_011,aesthetics
canonical_greedy,sports_car_012,aesthetics
canonical_greedy,sports_car_013,aesthetics
canonical_greedy,sports_car_014,aesthetics
canonical_greedy,sports_car_015,aesthetics
canonical_greedy,sports_car_016,aesthetics
canonical_greedy,sports_car_017,aesthetics
canonical_greedy,sports_car_018,aesthetics
canonical_greedy,sports_car_019,aesthetics
canonical_greedy,sports_car_020,aesthetics
canonical_greedy,sports_car_021,aesthetics
canonical_greedy,sports_car_022,aesthetics
canonical_greedy,sports_car_023,aesthetics
canonical_greedy,sports_car_024,aesthetics
canonical_greedy,sports_car_025,aesthetics
canonical_greedy,early_automobile_001,functionality
canonical_greedy,early_automobile_002,functionality
canonical_greedy,early_automobile_003,functionality
canonical_greedy,early_automobile_004,functionality
canonical_greedy,early_automobile_005,functionality
canonical_greedy,early_automobile_006,functionality
canonical_greedy,early_automobile_007,functionality
canonical_greedy,early_automobile_008,functionality
canonical_greedy,early_automobile_009,functionality
canonical_greedy,early_automobile_010,aesthetics
canonical_greedy,early_automobile_011,functionality
canonical_greedy,early_automobile_012,functionality
canonical_greedy,early_automobile_013,functionality
canonical_greedy,early_automobile_014,symbolism
canonical_greedy,early_automobile_015,functionality
canonical_greedy,early_automobile_016,functionality
canonical_greedy,early_automobile_017,functionality
canonical_greedy,early_automobile_018,functionality
canonical_greedy,early_automobile_019,functionality
canonical_greedy,early_automobile_020,functionality
canonical_greedy,early_automobile_021,functionality
canonical_greedy,early_automobile_022,functionality
canonical_greedy,early_automobile_023,functionality
canonical_greedy,early_automobile_024,functionality
canonical_greedy,early_automobile_025,aesthetics
canonical_greedy,vacuum_cleaner_001,functionality
canonical_greedy,vacuum_cleaner_002,functionality
canonical_greedy,vacuum_cleaner_003,functionality
canonical_greedy,vacuum_cleaner_004,functionality
canonical_greedy,vacuum_cleaner_005,functionality
canonical_greedy,vacuum_cleaner_006,functionality
canonical_greedy,vacuum_cleaner_007,functionality
canonical_greedy,vacuum_cleaner_008,functionality
canonical_greedy,vacuum_cleaner_009,functionality
canonical_greedy,vacuum_cleaner_010,functionality
canonical_greedy,vacuum_cleaner_011,functionality
canonical_greedy,vacuum_cleaner_012,functionality
canonical_greedy,vacuum_cleaner_013,functionality
canonical_greedy,vacuum_cleaner_014,functionality
canonical_greedy,vacuum_cleaner_015,functionality
canonical_greedy,vacuum_cleaner_016,functionality
canonical_greedy,vacuum_cleaner_017,functionality
canonical_greedy,vacuum_cleaner_018,functionality
canonical_greedy,vacuum_cleaner_019,functionality
canonical_greedy,vacuum_cleaner_020,functionality
canonical_greedy,vacuum_cleaner_021,functionality
canonical_greedy,vacuum_cleaner_022,functionality
canonical_greedy,vacuum_cleaner_023,functionality
canonical_greedy,vacuum_cleaner_024,functionality
canonical_greedy,vacuum_cleaner_025,functionality
canonical_greedy,broom_001,functionality
canonical_greedy,broom_002,functionality
canonical_greedy,broom_003,functionality
canonical_greedy,broom_004,functionality
canonical_greedy,broom_005,functionality
canonical_greedy,broom_006,functionality
canonical_greedy,broom_007,functionality
canonical_greedy,broom_008,functionality
canonical_greedy,broom_009,functionality
canonical_greedy,broom_010,functionality
canonical_greedy,broom_011,functionality
canonical_greedy,broom_012,functionality
canonical_greedy,broom_013,functionality
canonical_greedy,broom_014,functionality
canonical_greedy,broom_015,functionality
canonical_greedy,broom_016,functionality
canonical_greedy,broom_017,functionality
canonical_greedy,broom_018,functionality
canonical_greedy,broom_019,functionality
canonical_greedy,broom_020,functionality
canonical_greedy,broom_021,functionality
canonical_greedy,broom_022,functionality
canonical_greedy,broom_023,functionality
canonical_greedy,broom_024,functionality
canonical_greedy,broom_025,functionality
canonical_greedy,electric_kettle_001,functionality
canonical_greedy,electric_kettle_002,functionality
canonical_greedy,electric_kettle_003,functionality
canonical_greedy,electric_kettle_004,functionality
canonical_greedy,electric_kettle_005,functionality
canonical_greedy,electric_kettle_006,functionality
canonical_greedy,electric_kettle_007,functionality
canonical_greedy,electric_kettle_008,functionality
canonical_greedy,electric_kettle_009,functionality
canonical_greedy,electric_kettle_010,functionality
canonical_greedy,electric_kettle_011,functionality
canonical_greedy,electric_kettle_012,functionality
canonical_greedy,electric_kettle_013,functionality
canonical_greedy,electric_kettle_014,functionality
canonical_greedy,electric_kettle_015,functionality
canonical_greedy,electric_kettle_016,functionality
canonical_greedy,electric_kettle_017,functionality
canonical_greedy,electric_kettle_018,functionality
canonical_greedy,electric_kettle_019,functionality
canonical_greedy,electric_kettle_020,functionality
canonical_greedy,electric_kettle_021,functionality
canonical_greedy,electric_kettle_022,functionality
canonical_greedy,electric_kettle_023,functionality
canonical_greedy,electric_kettle_024,functionality
canonical_greedy,electric_kettle_025,functionality
canonical_greedy,lounge_chair_001,functionality
canonical_greedy,lounge_chair_002,aesthetics
canonical_greedy,lounge_chair_003,aesthetics
canonical_greedy,lounge_chair_004,functionality
canonical_greedy,lounge_chair_005,aesthetics
canonical_greedy,lounge_chair_006,aesthetics
canonical_greedy,lounge_chair_007,aesthetics
canonical_greedy,lounge_chair_008,functionality
canonical_greedy,lounge_chair_009,functionality
canonical_greedy,lounge_chair_010,aesthetics
canonical_greedy,lounge_chair_011,aesthetics
canonical_greedy,lounge_chair_012,aesthetics
canonical_greedy,lounge_chair_013,functionality
canonical_greedy,lounge_chair_014,aesthetics
canonical_greedy,lounge_chair_015,aesthetics
canonical_greedy,lounge_chair_016,aesthetics
canonical_greedy,lounge_chair_017,aesthetics
canonical_greedy,lounge_chair_018,aesthetics
canonical_greedy,lounge_chair_019,aesthetics
canonical_greedy,lounge_chair_020,aesthetics
canonical_greedy,lounge_chair_021,aesthetics
canonical_greedy,lounge_chair_022,functionality
canonical_greedy,lounge_chair_023,aesthetics
canonical_greedy,lounge_chair_024,functionality
canonical_greedy,lounge_chair_025,aesthetics
canonical_greedy,desk_lamp_001,functionality
canonical_greedy,desk_lamp_002,functionality
canonical_greedy,desk_lamp_003,aesthetics
canonical_greedy,desk_lamp_004,functionality
canonical_greedy,desk_lamp_005,aesthetics
canonical_greedy,desk_lamp_006,aesthetics
canonical_greedy,desk_lamp_007,aesthetics
canonical_greedy,desk_lamp_008,functionality
canonical_greedy,desk_lamp_009,functionality
canonical_greedy,desk_lamp_010,functionality
canonical_greedy,desk_lamp_011,functionality
canonical_greedy,desk_lamp_012,aesthetics
canonical_greedy,desk_lamp_013,functionality
canonical_greedy,desk_lamp_014,functionality
canonical_greedy,desk_lamp_015,aesthetics
canonical_greedy,desk_lamp_016,aesthetics
canonical_greedy,desk_lamp_017,functionality
canonical_greedy,desk_lamp_018,functionality
canonical_greedy,desk_lamp_019,aesthetics
canonical_greedy,desk_lamp_020,aesthetics
canonical_greedy,desk_lamp_021,functionality
canonical_greedy,desk_lamp_022,aesthetics
canonical_greedy,desk_lamp_023,aesthetics
canonical_greedy,desk_lamp_024,aesthetics
canonical_greedy,desk_lamp_025,aesthetics
canonical_greedy,sneakers_001,aesthetics
canonical_greedy,sneakers_002,functionality
canonical_greedy,sneakers_003,functionality
canonical_greedy,sneakers_004,functionality
canonical_greedy,sneakers_005,functionality
canonical_greedy,sneakers_006,aesthetics
canonical_greedy,sneakers_007,functionality
canonical_greedy,sneakers_008,functionality
canonical_greedy,sneakers_009,functionality
canonical_greedy,sneakers_010,functionality
canonical_greedy,sneakers_011,aesthetics
canonical_greedy,sneakers_012,functionality
canonical_greedy,sneakers_013,functionality
canonical_greedy,sneakers_014,functionality
canonical_greedy,sneakers_015,functionality
canonical_greedy,sneakers_016,aesthetics
canonical_greedy,sneakers_017,functionality
canonical_greedy,sneakers_018,aesthetics
canonical_greedy,sneakers_019,functionality
canonical_greedy,sneakers_020,functionality
canonical_greedy,sneakers_021,aesthetics
canonical_greedy,sneakers_022,aesthetics
canonical_greedy,sneakers_023,functionality
canonical_greedy,sneakers_024,functionality
canonical_greedy,sneakers_025,functionality
label_first_greedy,sports_car_001,aesthetics
label_first_greedy,sports_car_002,aesthetics
label_first_greedy,sports_car_003,aesthetics
label_first_greedy,sports_car_004,aesthetics
label_first_greedy,sports_car_005,aesthetics
label_first_greedy,sports_car_006,aesthetics
label_first_greedy,sports_car_007,aesthetics
label_first_greedy,sports_car_008,aesthetics
label_first_greedy,sports_car_009,aesthetics
label_first_greedy,sports_car_010,aesthetics
label_first_greedy,sports_car_011,aesthetics
label_first_greedy,sports_car_012,aesthetics
label_first_greedy,sports_car_013,aesthetics
label_first_greedy,sports_car_014,aesthetics
label_first_greedy,sports_car_015,aesthetics
label_first_greedy,sports_car_016,aesthetics
label_first_greedy,sports_car_017,aesthetics
label_first_greedy,sports_car_018,aesthetics
label_first_greedy,sports_car_019,aesthetics
label_first_greedy,sports_car_020,aesthetics
label_first_greedy,sports_car_021,aesthetics
label_first_greedy,sports_car_022,aesthetics
label_first_greedy,sports_car_023,aesthetics
label_first_greedy,sports_car_024,aesthetics
label_first_greedy,sports_car_025,aesthetics
label_first_greedy,early_automobile_001,functionality
label_first_greedy,early_automobile_002,functionality
label_first_greedy,early_automobile_003,functionality
label_first_greedy,early_automobile_004,functionality
label_first_greedy,early_automobile_005,functionality
label_first_greedy,early_automobile_006,functionality
label_first_greedy,early_automobile_007,functionality
label_first_greedy,early_automobile_008,functionality
label_first_greedy,early_automobile_009,functionality
label_first_greedy,early_automobile_010,aesthetics
label_first_greedy,early_automobile_011,functionality
label_first_greedy,early_automobile_012,functionality
label_first_greedy,early_automobile_013,functionality
label_first_greedy,early_automobile_014,functionality
label_first_greedy,early_automobile_015,functionality
label_first_greedy,early_automobile_016,functionality
label_first_greedy,early_automobile_017,functionality
label_first_greedy,early_automobile_018,functionality
label_first_greedy,early_automobile_019,functionality
label_first_greedy,early_automobile_020,functionality
label_first_greedy,early_automobile_021,functionality
label_first_greedy,early_automobile_022,functionality
label_first_greedy,early_automobile_023,functionality
label_first_greedy,early_automobile_024,functionality
label_first_greedy,early_automobile_025,aesthetics
label_first_greedy,vacuum_cleaner_001,functionality
label_first_greedy,vacuum_cleaner_002,functionality
label_first_greedy,vacuum_cleaner_003,functionality
label_first_greedy,vacuum_cleaner_004,functionality
label_first_greedy,vacuum_cleaner_005,functionality
label_first_greedy,vacuum_cleaner_006,functionality
label_first_greedy,vacuum_cleaner_007,functionality
label_first_greedy,vacuum_cleaner_008,functionality
label_first_greedy,vacuum_cleaner_009,functionality
label_first_greedy,vacuum_cleaner_010,functionality
label_first_greedy,vacuum_cleaner_011,functionality
label_first_greedy,vacuum_cleaner_012,functionality
label_first_greedy,vacuum_cleaner_013,functionality
label_first_greedy,vacuum_cleaner_014,functionality
label_first_greedy,vacuum_cleaner_015,functionality
label_first_greedy,vacuum_cleaner_016,functionality
label_first_greedy,vacuum_cleaner_017,functionality
label_first_greedy,vacuum_cleaner_018,functionality
label_first_greedy,vacuum_cleaner_019,functionality
label_first_greedy,vacuum_cleaner_020,functionality
label_first_greedy,vacuum_cleaner_021,functionality
label_first_greedy,vacuum_cleaner_022,functionality
label_first_greedy,vacuum_cleaner_023,functionality
label_first_greedy,vacuum_cleaner_024,functionality
label_first_greedy,vacuum_cleaner_025,functionality
label_first_greedy,broom_001,functionality
label_first_greedy,broom_002,functionality
label_first_greedy,broom_003,functionality
label_first_greedy,broom_004,functionality
label_first_greedy,broom_005,functionality
label_first_greedy,broom_006,functionality
label_first_greedy,broom_007,functionality
label_first_greedy,broom_008,functionality
label_first_greedy,broom_009,functionality
label_first_greedy,broom_010,functionality
label_first_greedy,broom_011,functionality
label_first_greedy,broom_012,functionality
label_first_greedy,broom_013,functionality
label_first_greedy,broom_014,functionality
label_first_greedy,broom_015,functionality
label_first_greedy,broom_016,functionality
label_first_greedy,broom_017,functionality
label_first_greedy,broom_018,functionality
label_first_greedy,broom_019,functionality
label_first_greedy,broom_020,functionality
label_first_greedy,broom_021,functionality
label_first_greedy,broom_022,functionality
label_first_greedy,broom_023,functionality
label_first_greedy,broom_024,functionality
label_first_greedy,broom_025,functionality
label_first_greedy,electric_kettle_001,functionality
label_first_greedy,electric_kettle_002,functionality
label_first_greedy,electric_kettle_003,functionality
label_first_greedy,electric_kettle_004,functionality
label_first_greedy,electric_kettle_005,functionality
label_first_greedy,electric_kettle_006,functionality
label_first_greedy,electric_kettle_007,functionality
label_first_greedy,electric_kettle_008,functionality
label_first_greedy,electric_kettle_009,functionality
label_first_greedy,electric_kettle_010,functionality
label_first_greedy,electric_kettle_011,functionality
label_first_greedy,electric_kettle_012,functionality
label_first_greedy,electric_kettle_013,functionality
label_first_greedy,electric_kettle_014,functionality
label_first_greedy,electric_kettle_015,functionality
label_first_greedy,electric_kettle_016,functionality
label_first_greedy,electric_kettle_017,functionality
label_first_greedy,electric_kettle_018,functionality
label_first_greedy,electric_kettle_019,functionality
label_first_greedy,electric_kettle_020,functionality
label_first_greedy,electric_kettle_021,functionality
label_first_greedy,electric_kettle_022,functionality
label_first_greedy,electric_kettle_023,functionality
label_first_greedy,electric_kettle_024,functionality
label_first_greedy,electric_kettle_025,functionality
label_first_greedy,lounge_chair_001,functionality
label_first_greedy,lounge_chair_002,aesthetics
label_first_greedy,lounge_chair_003,aesthetics
label_first_greedy,lounge_chair_004,functionality
label_first_greedy,lounge_chair_005,aesthetics
label_first_greedy,lounge_chair_006,aesthetics
label_first_greedy,lounge_chair_007,aesthetics
label_first_greedy,lounge_chair_008,functionality
label_first_greedy,lounge_chair_009,functionality
label_first_greedy,lounge_chair_010,aesthetics
label_first_greedy,lounge_chair_011,aesthetics
label_first_greedy,lounge_chair_012,aesthetics
label_first_greedy,lounge_chair_013,functionality
label_first_greedy,lounge_chair_014,aesthetics
label_first_greedy,lounge_chair_015,aesthetics
label_first_greedy,lounge_chair_016,aesthetics
label_first_greedy,lounge_chair_017,aesthetics
label_first_greedy,lounge_chair_018,aesthetics
label_first_greedy,lounge_chair_019,aesthetics
label_first_greedy,lounge_chair_020,aesthetics
label_first_greedy,lounge_chair_021,aesthetics
label_first_greedy,lounge_chair_022,functionality
label_first_greedy,lounge_chair_023,aesthetics
label_first_greedy,lounge_chair_024,functionality
label_first_greedy,lounge_chair_025,aesthetics
label_first_greedy,desk_lamp_001,functionality
label_first_greedy,desk_lamp_002,functionality
label_first_greedy,desk_lamp_003,aesthetics
label_first_greedy,desk_lamp_004,functionality
label_first_greedy,desk_lamp_005,functionality
label_first_greedy,desk_lamp_006,functionality
label_first_greedy,desk_lamp_007,functionality
label_first_greedy,desk_lamp_008,functionality
label_first_greedy,desk_lamp_009,functionality
label_first_greedy,desk_lamp_010,functionality
label_first_greedy,desk_lamp_011,functionality
label_first_greedy,desk_lamp_012,aesthetics
label_first_greedy,desk_lamp_013,functionality
label_first_greedy,desk_lamp_014,functionality
label_first_greedy,desk_lamp_015,aesthetics
label_first_greedy,desk_lamp_016,aesthetics
label_first_greedy,desk_lamp_017,functionality
label_first_greedy,desk_lamp_018,functionality
label_first_greedy,desk_lamp_019,aesthetics
label_first_greedy,desk_lamp_020,aesthetics
label_first_greedy,desk_lamp_021,functionality
label_first_greedy,desk_lamp_022,aesthetics
label_first_greedy,desk_lamp_023,aesthetics
label_first_greedy,desk_lamp_024,aesthetics
label_first_greedy,desk_lamp_025,functionality
label_first_greedy,sneakers_001,functionality
label_first_greedy,sneakers_002,functionality
label_first_greedy,sneakers_003,functionality
label_first_greedy,sneakers_004,functionality
label_first_greedy,sneakers_005,functionality
label_first_greedy,sneakers_006,aesthetics
label_first_greedy,sneakers_007,functionality
label_first_greedy,sneakers_008,functionality
label_first_greedy,sneakers_009,functionality
label_first_greedy,sneakers_010,functionality
label_first_greedy,sneakers_011,aesthetics
label_first_greedy,sneakers_012,functionality
label_first_greedy,sneakers_013,functionality
label_first_greedy,sneakers_014,functionality
label_first_greedy,sneakers_015,functionality
label_first_greedy,sneakers_016,aesthetics
label_first_greedy,sneakers_017,functionality
label_first_greedy,sneakers_018,aesthetics
label_first_greedy,sneakers_019,functionality
label_first_greedy,sneakers_020,functionality
label_first_greedy,sneakers_021,aesthetics
label_first_greedy,sneakers_022,aesthetics
label_first_greedy,sneakers_023,functionality
label_first_greedy,sneakers_024,functionality
label_first_greedy,sneakers_025,functionality
sample_seed_11,sports_car_001,aesthetics
sample_seed_11,sports_car_002,aesthetics
sample_seed_11,sports_car_003,aesthetics
sample_seed_11,sports_car_004,aesthetics
sample_seed_11,sports_car_005,aesthetics
sample_seed_11,sports_car_006,aesthetics
sample_seed_11,sports_car_007,aesthetics
sample_seed_11,sports_car_008,aesthetics
sample_seed_11,sports_car_009,aesthetics
sample_seed_11,sports_car_010,aesthetics
sample_seed_11,sports_car_011,aesthetics
sample_seed_11,sports_car_012,aesthetics
sample_seed_11,sports_car_013,aesthetics
sample_seed_11,sports_car_014,aesthetics
sample_seed_11,sports_car_015,aesthetics
sample_seed_11,sports_car_016,aesthetics
sample_seed_11,sports_car_017,aesthetics
sample_seed_11,sports_car_018,aesthetics
sample_seed_11,sports_car_019,aesthetics
sample_seed_11,sports_car_020,aesthetics
sample_seed_11,sports_car_021,aesthetics
sample_seed_11,sports_car_022,aesthetics
sample_seed_11,sports_car_023,aesthetics
sample_seed_11,sports_car_024,aesthetics
sample_seed_11,sports_car_025,aesthetics
sample_seed_11,early_automobile_001,functionality
sample_seed_11,early_automobile_002,functionality
sample_seed_11,early_automobile_003,functionality
sample_seed_11,early_automobile_004,functionality
sample_seed_11,early_automobile_005,functionality
sample_seed_11,early_automobile_006,functionality
sample_seed_11,early_automobile_007,functionality
sample_seed_11,early_automobile_008,functionality
sample_seed_11,early_automobile_009,functionality
sample_seed_11,early_automobile_010,aesthetics
sample_seed_11,early_automobile_011,functionality
sample_seed_11,early_automobile_012,functionality
sample_seed_11,early_automobile_013,functionality
sample_seed_11,early_automobile_014,functionality
sample_seed_11,early_automobile_015,symbolism
sample_seed_11,early_automobile_016,functionality
sample_seed_11,early_automobile_017,functionality
sample_seed_11,early_automobile_018,functionality
sample_seed_11,early_automobile_019,functionality
sample_seed_11,early_automobile_020,functionality
sample_seed_11,early_automobile_021,functionality
sample_seed_11,early_automobile_022,functionality
sample_seed_11,early_automobile_023,functionality
sample_seed_11,early_automobile_024,functionality
sample_seed_11,early_automobile_025,aesthetics
sample_seed_11,vacuum_cleaner_001,functionality
sample_seed_11,vacuum_cleaner_002,functionality
sample_seed_11,vacuum_cleaner_003,functionality
sample_seed_11,vacuum_cleaner_004,functionality
sample_seed_11,vacuum_cleaner_005,functionality
sample_seed_11,vacuum_cleaner_006,functionality
sample_seed_11,vacuum_cleaner_007,functionality
sample_seed_11,vacuum_cleaner_008,functionality
sample_seed_11,vacuum_cleaner_009,functionality
sample_seed_11,vacuum_cleaner_010,functionality
sample_seed_11,vacuum_cleaner_011,functionality
sample_seed_11,vacuum_cleaner_012,functionality
sample_seed_11,vacuum_cleaner_013,functionality
sample_seed_11,vacuum_cleaner_014,functionality
sample_seed_11,vacuum_cleaner_015,functionality
sample_seed_11,vacuum_cleaner_016,functionality
sample_seed_11,vacuum_cleaner_017,functionality
sample_seed_11,vacuum_cleaner_018,functionality
sample_seed_11,vacuum_cleaner_019,functionality
sample_seed_11,vacuum_cleaner_020,functionality
sample_seed_11,vacuum_cleaner_021,functionality
sample_seed_11,vacuum_cleaner_022,functionality
sample_seed_11,vacuum_cleaner_023,functionality
sample_seed_11,vacuum_cleaner_024,functionality
sample_seed_11,vacuum_cleaner_025,functionality
sample_seed_11,broom_001,functionality
sample_seed_11,broom_002,functionality
sample_seed_11,broom_003,functionality
sample_seed_11,broom_004,functionality
sample_seed_11,broom_005,functionality
sample_seed_11,broom_006,functionality
sample_seed_11,broom_007,functionality
sample_seed_11,broom_008,functionality
sample_seed_11,broom_009,functionality
sample_seed_11,broom_010,functionality
sample_seed_11,broom_011,functionality
sample_seed_11,broom_012,functionality
sample_seed_11,broom_013,functionality
sample_seed_11,broom_014,functionality
sample_seed_11,broom_015,functionality
sample_seed_11,broom_016,functionality
sample_seed_11,broom_017,functionality
sample_seed_11,broom_018,functionality
sample_seed_11,broom_019,functionality
sample_seed_11,broom_020,functionality
sample_seed_11,broom_021,functionality
sample_seed_11,broom_022,functionality
sample_seed_11,broom_023,functionality
sample_seed_11,broom_024,functionality
sample_seed_11,broom_025,functionality
sample_seed_11,electric_kettle_001,functionality
sample_seed_11,electric_kettle_002,functionality
sample_seed_11,electric_kettle_003,usability
sample_seed_11,electric_kettle_004,functionality
sample_seed_11,electric_kettle_005,functionality
sample_seed_11,electric_kettle_006,functionality
sample_seed_11,electric_kettle_007,functionality
sample_seed_11,electric_kettle_008,functionality
sample_seed_11,electric_kettle_009,functionality
sample_seed_11,electric_kettle_010,functionality
sample_seed_11,electric_kettle_011,functionality
sample_seed_11,electric_kettle_012,functionality
sample_seed_11,electric_kettle_013,functionality
sample_seed_11,electric_kettle_014,functionality
sample_seed_11,electric_kettle_015,functionality
sample_seed_11,electric_kettle_016,functionality
sample_seed_11,electric_kettle_017,functionality
sample_seed_11,electric_kettle_018,functionality
sample_seed_11,electric_kettle_019,functionality
sample_seed_11,electric_kettle_020,functionality
sample_seed_11,electric_kettle_021,functionality
sample_seed_11,electric_kettle_022,functionality
sample_seed_11,electric_kettle_023,functionality
sample_seed_11,electric_kettle_024,functionality
sample_seed_11,electric_kettle_025,functionality
sample_seed_11,lounge_chair_001,functionality
sample_seed_11,lounge_chair_002,aesthetics
sample_seed_11,lounge_chair_003,aesthetics
sample_seed_11,lounge_chair_004,aesthetics
sample_seed_11,lounge_chair_005,functionality
sample_seed_11,lounge_chair_006,functionality
sample_seed_11,lounge_chair_007,aesthetics
sample_seed_11,lounge_chair_008,aesthetics
sample_seed_11,lounge_chair_009,aesthetics
sample_seed_11,lounge_chair_010,aesthetics
sample_seed_11,lounge_chair_011,functionality
sample_seed_11,lounge_chair_012,functionality
sample_seed_11,lounge_chair_013,functionality
sample_seed_11,lounge_chair_014,aesthetics
sample_seed_11,lounge_chair_015,aesthetics
sample_seed_11,lounge_chair_016,aesthetics
sample_seed_11,lounge_chair_017,aesthetics
sample_seed_11,lounge_chair_018,aesthetics
sample_seed_11,lounge_chair_019,aesthetics
sample_seed_11,lounge_chair_020,aesthetics
sample_seed_11,lounge_chair_021,aesthetics
sample_seed_11,lounge_chair_022,functionality
sample_seed_11,lounge_chair_023,aesthetics
sample_seed_11,lounge_chair_024,aesthetics
sample_seed_11,lounge_chair_025,aesthetics
sample_seed_11,desk_lamp_001,aesthetics
sample_seed_11,desk_lamp_002,functionality
sample_seed_11,desk_lamp_003,aesthetics
sample_seed_11,desk_lamp_004,aesthetics
sample_seed_11,desk_lamp_005,aesthetics
sample_seed_11,desk_lamp_006,functionality
sample_seed_11,desk_lamp_007,functionality
sample_seed_11,desk_lamp_008,functionality
sample_seed_11,desk_lamp_009,aesthetics
sample_seed_11,desk_lamp_010,aesthetics
sample_seed_11,desk_lamp_011,functionality
sample_seed_11,desk_lamp_012,aesthetics
sample_seed_11,desk_lamp_013,functionality
sample_seed_11,desk_lamp_014,aesthetics
sample_seed_11,desk_lamp_015,aesthetics
sample_seed_11,desk_lamp_016,aesthetics
sample_seed_11,desk_lamp_017,functionality
sample_seed_11,desk_lamp_018,functionality
sample_seed_11,desk_lamp_019,aesthetics
sample_seed_11,desk_lamp_020,aesthetics
sample_seed_11,desk_lamp_021,functionality
sample_seed_11,desk_lamp_022,aesthetics
sample_seed_11,desk_lamp_023,aesthetics
sample_seed_11,desk_lamp_024,aesthetics
sample_seed_11,desk_lamp_025,aesthetics
sample_seed_11,sneakers_001,functionality
sample_seed_11,sneakers_002,aesthetics
sample_seed_11,sneakers_003,functionality
sample_seed_11,sneakers_004,aesthetics
sample_seed_11,sneakers_005,functionality
sample_seed_11,sneakers_006,aesthetics
sample_seed_11,sneakers_007,aesthetics
sample_seed_11,sneakers_008,functionality
sample_seed_11,sneakers_009,functionality
sample_seed_11,sneakers_010,functionality
sample_seed_11,sneakers_011,functionality
sample_seed_11,sneakers_012,functionality
sample_seed_11,sneakers_013,functionality
sample_seed_11,sneakers_014,functionality
sample_seed_11,sneakers_015,functionality
sample_seed_11,sneakers_016,aesthetics
sample_seed_11,sneakers_017,functionality
sample_seed_11,sneakers_018,aesthetics
sample_seed_11,sneakers_019,functionality
sample_seed_11,sneakers_020,functionality
sample_seed_11,sneakers_021,functionality
sample_seed_11,sneakers_022,functionality
sample_seed_11,sneakers_023,functionality
sample_seed_11,sneakers_024,functionality
sample_seed_11,sneakers_025,aesthetics
sample_seed_23,sports_car_001,aesthetics
sample_seed_23,sports_car_002,aesthetics
sample_seed_23,sports_car_003,aesthetics
sample_seed_23,sports_car_004,aesthetics
sample_seed_23,sports_car_005,aesthetics
sample_seed_23,sports_car_006,aesthetics
sample_seed_23,sports_car_007,aesthetics
sample_seed_23,sports_car_008,aesthetics
sample_seed_23,sports_car_009,aesthetics
sample_seed_23,sports_car_010,aesthetics
sample_seed_23,sports_car_011,aesthetics
sample_seed_23,sports_car_012,aesthetics
sample_seed_23,sports_car_013,aesthetics
sample_seed_23,sports_car_014,aesthetics
sample_seed_23,sports_car_015,aesthetics
sample_seed_23,sports_car_016,aesthetics
sample_seed_23,sports_car_017,aesthetics
sample_seed_23,sports_car_018,aesthetics
sample_seed_23,sports_car_019,aesthetics
sample_seed_23,sports_car_020,aesthetics
sample_seed_23,sports_car_021,aesthetics
sample_seed_23,sports_car_022,aesthetics
sample_seed_23,sports_car_023,aesthetics
sample_seed_23,sports_car_024,aesthetics
sample_seed_23,sports_car_025,aesthetics
sample_seed_23,early_automobile_001,functionality
sample_seed_23,early_automobile_002,functionality
sample_seed_23,early_automobile_003,functionality
sample_seed_23,early_automobile_004,functionality
sample_seed_23,early_automobile_005,functionality
sample_seed_23,early_automobile_006,functionality
sample_seed_23,early_automobile_007,functionality
sample_seed_23,early_automobile_008,functionality
sample_seed_23,early_automobile_009,functionality
sample_seed_23,early_automobile_010,aesthetics
sample_seed_23,early_automobile_011,functionality
sample_seed_23,early_automobile_012,functionality
sample_seed_23,early_automobile_013,functionality
sample_seed_23,early_automobile_014,functionality
sample_seed_23,early_automobile_015,functionality
sample_seed_23,early_automobile_016,functionality
sample_seed_23,early_automobile_017,functionality
sample_seed_23,early_automobile_018,functionality
sample_seed_23,early_automobile_019,functionality
sample_seed_23,early_automobile_020,functionality
sample_seed_23,early_automobile_021,functionality
sample_seed_23,early_automobile_022,functionality
sample_seed_23,early_automobile_023,functionality
sample_seed_23,early_automobile_024,functionality
sample_seed_23,early_automobile_025,aesthetics
sample_seed_23,vacuum_cleaner_001,functionality
sample_seed_23,vacuum_cleaner_002,functionality
sample_seed_23,vacuum_cleaner_003,functionality
sample_seed_23,vacuum_cleaner_004,functionality
sample_seed_23,vacuum_cleaner_005,functionality
sample_seed_23,vacuum_cleaner_006,functionality
sample_seed_23,vacuum_cleaner_007,functionality
sample_seed_23,vacuum_cleaner_008,functionality
sample_seed_23,vacuum_cleaner_009,functionality
sample_seed_23,vacuum_cleaner_010,functionality
sample_seed_23,vacuum_cleaner_011,functionality
sample_seed_23,vacuum_cleaner_012,functionality
sample_seed_23,vacuum_cleaner_013,functionality
sample_seed_23,vacuum_cleaner_014,functionality
sample_seed_23,vacuum_cleaner_015,functionality
sample_seed_23,vacuum_cleaner_016,functionality
sample_seed_23,vacuum_cleaner_017,functionality
sample_seed_23,vacuum_cleaner_018,functionality
sample_seed_23,vacuum_cleaner_019,functionality
sample_seed_23,vacuum_cleaner_020,functionality
sample_seed_23,vacuum_cleaner_021,functionality
sample_seed_23,vacuum_cleaner_022,functionality
sample_seed_23,vacuum_cleaner_023,functionality
sample_seed_23,vacuum_cleaner_024,functionality
sample_seed_23,vacuum_cleaner_025,functionality
sample_seed_23,broom_001,functionality
sample_seed_23,broom_002,functionality
sample_seed_23,broom_003,functionality
sample_seed_23,broom_004,functionality
sample_seed_23,broom_005,functionality
sample_seed_23,broom_006,functionality
sample_seed_23,broom_007,functionality
sample_seed_23,broom_008,functionality
sample_seed_23,broom_009,functionality
sample_seed_23,broom_010,functionality
sample_seed_23,broom_011,functionality
sample_seed_23,broom_012,functionality
sample_seed_23,broom_013,functionality
sample_seed_23,broom_014,functionality
sample_seed_23,broom_015,functionality
sample_seed_23,broom_016,functionality
sample_seed_23,broom_017,functionality
sample_seed_23,broom_018,functionality
sample_seed_23,broom_019,functionality
sample_seed_23,broom_020,functionality
sample_seed_23,broom_021,functionality
sample_seed_23,broom_022,functionality
sample_seed_23,broom_023,functionality
sample_seed_23,broom_024,functionality
sample_seed_23,broom_025,functionality
sample_seed_23,electric_kettle_001,functionality
sample_seed_23,electric_kettle_002,functionality
sample_seed_23,electric_kettle_003,functionality
sample_seed_23,electric_kettle_004,functionality
sample_seed_23,electric_kettle_005,functionality
sample_seed_23,electric_kettle_006,aesthetics
sample_seed_23,electric_kettle_007,functionality
sample_seed_23,electric_kettle_008,functionality
sample_seed_23,electric_kettle_009,functionality
sample_seed_23,electric_kettle_010,functionality
sample_seed_23,electric_kettle_011,functionality
sample_seed_23,electric_kettle_012,functionality
sample_seed_23,electric_kettle_013,functionality
sample_seed_23,electric_kettle_014,functionality
sample_seed_23,electric_kettle_015,functionality
sample_seed_23,electric_kettle_016,functionality
sample_seed_23,electric_kettle_017,functionality
sample_seed_23,electric_kettle_018,functionality
sample_seed_23,electric_kettle_019,functionality
sample_seed_23,electric_kettle_020,functionality
sample_seed_23,electric_kettle_021,functionality
sample_seed_23,electric_kettle_022,functionality
sample_seed_23,electric_kettle_023,functionality
sample_seed_23,electric_kettle_024,functionality
sample_seed_23,electric_kettle_025,functionality
sample_seed_23,lounge_chair_001,functionality
sample_seed_23,lounge_chair_002,aesthetics
sample_seed_23,lounge_chair_003,aesthetics
sample_seed_23,lounge_chair_004,aesthetics
sample_seed_23,lounge_chair_005,aesthetics
sample_seed_23,lounge_chair_006,aesthetics
sample_seed_23,lounge_chair_007,aesthetics
sample_seed_23,lounge_chair_008,functionality
sample_seed_23,lounge_chair_009,functionality
sample_seed_23,lounge_chair_010,aesthetics
sample_seed_23,lounge_chair_011,aesthetics
sample_seed_23,lounge_chair_012,aesthetics
sample_seed_23,lounge_chair_013,functionality
sample_seed_23,lounge_chair_014,functionality
sample_seed_23,lounge_chair_015,aesthetics
sample_seed_23,lounge_chair_016,aesthetics
sample_seed_23,lounge_chair_017,aesthetics
sample_seed_23,lounge_chair_018,aesthetics
sample_seed_23,lounge_chair_019,aesthetics
sample_seed_23,lounge_chair_020,aesthetics
sample_seed_23,lounge_chair_021,functionality
sample_seed_23,lounge_chair_022,functionality
sample_seed_23,lounge_chair_023,aesthetics
sample_seed_23,lounge_chair_024,functionality
sample_seed_23,lounge_chair_025,aesthetics
sample_seed_23,desk_lamp_001,functionality
sample_seed_23,desk_lamp_002,functionality
sample_seed_23,desk_lamp_003,aesthetics
sample_seed_23,desk_lamp_004,functionality
sample_seed_23,desk_lamp_005,aesthetics
sample_seed_23,desk_lamp_006,aesthetics
sample_seed_23,desk_lamp_007,functionality
sample_seed_23,desk_lamp_008,functionality
sample_seed_23,desk_lamp_009,functionality
sample_seed_23,desk_lamp_010,aesthetics
sample_seed_23,desk_lamp_011,functionality
sample_seed_23,desk_lamp_012,aesthetics
sample_seed_23,desk_lamp_013,functionality
sample_seed_23,desk_lamp_014,aesthetics
sample_seed_23,desk_lamp_015,aesthetics
sample_seed_23,desk_lamp_016,aesthetics
sample_seed_23,desk_lamp_017,functionality
sample_seed_23,desk_lamp_018,functionality
sample_seed_23,desk_lamp_019,aesthetics
sample_seed_23,desk_lamp_020,functionality
sample_seed_23,desk_lamp_021,functionality
sample_seed_23,desk_lamp_022,functionality
sample_seed_23,desk_lamp_023,aesthetics
sample_seed_23,desk_lamp_024,functionality
sample_seed_23,desk_lamp_025,aesthetics
sample_seed_23,sneakers_001,functionality
sample_seed_23,sneakers_002,functionality
sample_seed_23,sneakers_003,aesthetics
sample_seed_23,sneakers_004,aesthetics
sample_seed_23,sneakers_005,functionality
sample_seed_23,sneakers_006,aesthetics
sample_seed_23,sneakers_007,functionality
sample_seed_23,sneakers_008,functionality
sample_seed_23,sneakers_009,functionality
sample_seed_23,sneakers_010,functionality
sample_seed_23,sneakers_011,aesthetics
sample_seed_23,sneakers_012,functionality
sample_seed_23,sneakers_013,functionality
sample_seed_23,sneakers_014,functionality
sample_seed_23,sneakers_015,functionality
sample_seed_23,sneakers_016,aesthetics
sample_seed_23,sneakers_017,functionality
sample_seed_23,sneakers_018,functionality
sample_seed_23,sneakers_019,functionality
sample_seed_23,sneakers_020,functionality
sample_seed_23,sneakers_021,aesthetics
sample_seed_23,sneakers_022,aesthetics
sample_seed_23,sneakers_023,functionality
sample_seed_23,sneakers_024,functionality
sample_seed_23,sneakers_025,functionality
sample_seed_37,sports_car_001,aesthetics
sample_seed_37,sports_car_002,aesthetics
sample_seed_37,sports_car_003,aesthetics
sample_seed_37,sports_car_004,aesthetics
sample_seed_37,sports_car_005,aesthetics
sample_seed_37,sports_car_006,aesthetics
sample_seed_37,sports_car_007,aesthetics
sample_seed_37,sports_car_008,aesthetics
sample_seed_37,sports_car_009,aesthetics
sample_seed_37,sports_car_010,aesthetics
sample_seed_37,sports_car_011,aesthetics
sample_seed_37,sports_car_012,aesthetics
sample_seed_37,sports_car_013,aesthetics
sample_seed_37,sports_car_014,aesthetics
sample_seed_37,sports_car_015,aesthetics
sample_seed_37,sports_car_016,aesthetics
sample_seed_37,sports_car_017,aesthetics
sample_seed_37,sports_car_018,aesthetics
sample_seed_37,sports_car_019,aesthetics
sample_seed_37,sports_car_020,aesthetics
sample_seed_37,sports_car_021,aesthetics
sample_seed_37,sports_car_022,aesthetics
sample_seed_37,sports_car_023,aesthetics
sample_seed_37,sports_car_024,aesthetics
sample_seed_37,sports_car_025,aesthetics
sample_seed_37,early_automobile_001,functionality
sample_seed_37,early_automobile_002,functionality
sample_seed_37,early_automobile_003,functionality
sample_seed_37,early_automobile_004,functionality
sample_seed_37,early_automobile_005,functionality
sample_seed_37,early_automobile_006,functionality
sample_seed_37,early_automobile_007,functionality
sample_seed_37,early_automobile_008,functionality
sample_seed_37,early_automobile_009,functionality
sample_seed_37,early_automobile_010,aesthetics
sample_seed_37,early_automobile_011,functionality
sample_seed_37,early_automobile_012,functionality
sample_seed_37,early_automobile_013,functionality
sample_seed_37,early_automobile_014,functionality
sample_seed_37,early_automobile_015,functionality
sample_seed_37,early_automobile_016,functionality
sample_seed_37,early_automobile_017,functionality
sample_seed_37,early_automobile_018,functionality
sample_seed_37,early_automobile_019,functionality
sample_seed_37,early_automobile_020,functionality
sample_seed_37,early_automobile_021,functionality
sample_seed_37,early_automobile_022,functionality
sample_seed_37,early_automobile_023,symbolism
sample_seed_37,early_automobile_024,symbolism
sample_seed_37,early_automobile_025,aesthetics
sample_seed_37,vacuum_cleaner_001,functionality
sample_seed_37,vacuum_cleaner_002,functionality
sample_seed_37,vacuum_cleaner_003,functionality
sample_seed_37,vacuum_cleaner_004,functionality
sample_seed_37,vacuum_cleaner_005,functionality
sample_seed_37,vacuum_cleaner_006,functionality
sample_seed_37,vacuum_cleaner_007,functionality
sample_seed_37,vacuum_cleaner_008,functionality
sample_seed_37,vacuum_cleaner_009,functionality
sample_seed_37,vacuum_cleaner_010,functionality
sample_seed_37,vacuum_cleaner_011,functionality
sample_seed_37,vacuum_cleaner_012,functionality
sample_seed_37,vacuum_cleaner_013,functionality
sample_seed_37,vacuum_cleaner_014,functionality
sample_seed_37,vacuum_cleaner_015,functionality
sample_seed_37,vacuum_cleaner_016,functionality
sample_seed_37,vacuum_cleaner_017,functionality
sample_seed_37,vacuum_cleaner_018,functionality
sample_seed_37,vacuum_cleaner_019,functionality
sample_seed_37,vacuum_cleaner_020,functionality
sample_seed_37,vacuum_cleaner_021,functionality
sample_seed_37,vacuum_cleaner_022,functionality
sample_seed_37,vacuum_cleaner_023,functionality
sample_seed_37,vacuum_cleaner_024,functionality
sample_seed_37,vacuum_cleaner_025,functionality
sample_seed_37,broom_001,functionality
sample_seed_37,broom_002,functionality
sample_seed_37,broom_003,functionality
sample_seed_37,broom_004,functionality
sample_seed_37,broom_005,functionality
sample_seed_37,broom_006,functionality
sample_seed_37,broom_007,functionality
sample_seed_37,broom_008,functionality
sample_seed_37,broom_009,functionality
sample_seed_37,broom_010,functionality
sample_seed_37,broom_011,functionality
sample_seed_37,broom_012,functionality
sample_seed_37,broom_013,functionality
sample_seed_37,broom_014,functionality
sample_seed_37,broom_015,functionality
sample_seed_37,broom_016,functionality
sample_seed_37,broom_017,functionality
sample_seed_37,broom_018,functionality
sample_seed_37,broom_019,functionality
sample_seed_37,broom_020,functionality
sample_seed_37,broom_021,functionality
sample_seed_37,broom_022,functionality
sample_seed_37,broom_023,functionality
sample_seed_37,broom_024,functionality
sample_seed_37,broom_025,functionality
sample_seed_37,electric_kettle_001,functionality
sample_seed_37,electric_kettle_002,functionality
sample_seed_37,electric_kettle_003,functionality
sample_seed_37,electric_kettle_004,functionality
sample_seed_37,electric_kettle_005,functionality
sample_seed_37,electric_kettle_006,aesthetics
sample_seed_37,electric_kettle_007,functionality
sample_seed_37,electric_kettle_008,functionality
sample_seed_37,electric_kettle_009,functionality
sample_seed_37,electric_kettle_010,functionality
sample_seed_37,electric_kettle_011,functionality
sample_seed_37,electric_kettle_012,functionality
sample_seed_37,electric_kettle_013,functionality
sample_seed_37,electric_kettle_014,functionality
sample_seed_37,electric_kettle_015,functionality
sample_seed_37,electric_kettle_016,functionality
sample_seed_37,electric_kettle_017,functionality
sample_seed_37,electric_kettle_018,functionality
sample_seed_37,electric_kettle_019,functionality
sample_seed_37,electric_kettle_020,functionality
sample_seed_37,electric_kettle_021,functionality
sample_seed_37,electric_kettle_022,functionality
sample_seed_37,electric_kettle_023,functionality
sample_seed_37,electric_kettle_024,functionality
sample_seed_37,electric_kettle_025,functionality
sample_seed_37,lounge_chair_001,aesthetics
sample_seed_37,lounge_chair_002,aesthetics
sample_seed_37,lounge_chair_003,aesthetics
sample_seed_37,lounge_chair_004,functionality
sample_seed_37,lounge_chair_005,aesthetics
sample_seed_37,lounge_chair_006,aesthetics
sample_seed_37,lounge_chair_007,aesthetics
sample_seed_37,lounge_chair_008,aesthetics
sample_seed_37,lounge_chair_009,functionality
sample_seed_37,lounge_chair_010,aesthetics
sample_seed_37,lounge_chair_011,aesthetics
sample_seed_37,lounge_chair_012,aesthetics
sample_seed_37,lounge_chair_013,functionality
sample_seed_37,lounge_chair_014,functionality
sample_seed_37,lounge_chair_015,aesthetics
sample_seed_37,lounge_chair_016,aesthetics
sample_seed_37,lounge_chair_017,aesthetics
sample_seed_37,lounge_chair_018,functionality
sample_seed_37,lounge_chair_019,aesthetics
sample_seed_37,lounge_chair_020,aesthetics
sample_seed_37,lounge_chair_021,aesthetics
sample_seed_37,lounge_chair_022,functionality
sample_seed_37,lounge_chair_023,aesthetics
sample_seed_37,lounge_chair_024,functionality
sample_seed_37,lounge_chair_025,functionality
sample_seed_37,desk_lamp_001,aesthetics
sample_seed_37,desk_lamp_002,aesthetics
sample_seed_37,desk_lamp_003,aesthetics
sample_seed_37,desk_lamp_004,functionality
sample_seed_37,desk_lamp_005,functionality
sample_seed_37,desk_lamp_006,aesthetics
sample_seed_37,desk_lamp_007,aesthetics
sample_seed_37,desk_lamp_008,functionality
sample_seed_37,desk_lamp_009,functionality
sample_seed_37,desk_lamp_010,aesthetics
sample_seed_37,desk_lamp_011,functionality
sample_seed_37,desk_lamp_012,aesthetics
sample_seed_37,desk_lamp_013,functionality
sample_seed_37,desk_lamp_014,aesthetics
sample_seed_37,desk_lamp_015,aesthetics
sample_seed_37,desk_lamp_016,aesthetics
sample_seed_37,desk_lamp_017,aesthetics
sample_seed_37,desk_lamp_018,functionality
sample_seed_37,desk_lamp_019,aesthetics
sample_seed_37,desk_lamp_020,functionality
sample_seed_37,desk_lamp_021,functionality
sample_seed_37,desk_lamp_022,aesthetics
sample_seed_37,desk_lamp_023,functionality
sample_seed_37,desk_lamp_024,aesthetics
sample_seed_37,desk_lamp_025,functionality
sample_seed_37,sneakers_001,functionality
sample_seed_37,sneakers_002,aesthetics
sample_seed_37,sneakers_003,functionality
sample_seed_37,sneakers_004,functionality
sample_seed_37,sneakers_005,functionality
sample_seed_37,sneakers_006,aesthetics
sample_seed_37,sneakers_007,functionality
sample_seed_37,sneakers_008,functionality
sample_seed_37,sneakers_009,functionality
sample_seed_37,sneakers_010,functionality
sample_seed_37,sneakers_011,functionality
sample_seed_37,sneakers_012,functionality
sample_seed_37,sneakers_013,functionality
sample_seed_37,sneakers_014,functionality
sample_seed_37,sneakers_015,functionality
sample_seed_37,sneakers_016,aesthetics
sample_seed_37,sneakers_017,functionality
sample_seed_37,sneakers_018,aesthetics
sample_seed_37,sneakers_019,functionality
sample_seed_37,sneakers_020,functionality
sample_seed_37,sneakers_021,aesthetics
sample_seed_37,sneakers_022,aesthetics
sample_seed_37,sneakers_023,functionality
sample_seed_37,sneakers_024,functionality
sample_seed_37,sneakers_025,functionality
sample_seed_47,sports_car_001,aesthetics
sample_seed_47,sports_car_002,aesthetics
sample_seed_47,sports_car_003,aesthetics
sample_seed_47,sports_car_004,aesthetics
sample_seed_47,sports_car_005,aesthetics
sample_seed_47,sports_car_006,aesthetics
sample_seed_47,sports_car_007,aesthetics
sample_seed_47,sports_car_008,aesthetics
sample_seed_47,sports_car_009,aesthetics
sample_seed_47,sports_car_010,aesthetics
sample_seed_47,sports_car_011,aesthetics
sample_seed_47,sports_car_012,aesthetics
sample_seed_47,sports_car_013,aesthetics
sample_seed_47,sports_car_014,aesthetics
sample_seed_47,sports_car_015,aesthetics
sample_seed_47,sports_car_016,aesthetics
sample_seed_47,sports_car_017,aesthetics
sample_seed_47,sports_car_018,aesthetics
sample_seed_47,sports_car_019,aesthetics
sample_seed_47,sports_car_020,aesthetics
sample_seed_47,sports_car_021,aesthetics
sample_seed_47,sports_car_022,aesthetics
sample_seed_47,sports_car_023,aesthetics
sample_seed_47,sports_car_024,aesthetics
sample_seed_47,sports_car_025,aesthetics
sample_seed_47,early_automobile_001,functionality
sample_seed_47,early_automobile_002,functionality
sample_seed_47,early_automobile_003,functionality
sample_seed_47,early_automobile_004,functionality
sample_seed_47,early_automobile_005,functionality
sample_seed_47,early_automobile_006,functionality
sample_seed_47,early_automobile_007,functionality
sample_seed_47,early_automobile_008,functionality
sample_seed_47,early_automobile_009,functionality
sample_seed_47,early_automobile_010,aesthetics
sample_seed_47,early_automobile_011,functionality
sample_seed_47,early_automobile_012,functionality
sample_seed_47,early_automobile_013,functionality
sample_seed_47,early_automobile_014,functionality
sample_seed_47,early_automobile_015,symbolism
sample_seed_47,early_automobile_016,functionality
sample_seed_47,early_automobile_017,functionality
sample_seed_47,early_automobile_018,functionality
sample_seed_47,early_automobile_019,functionality
sample_seed_47,early_automobile_020,functionality
sample_seed_47,early_automobile_021,functionality
sample_seed_47,early_automobile_022,functionality
sample_seed_47,early_automobile_023,functionality
sample_seed_47,early_automobile_024,functionality
sample_seed_47,early_automobile_025,aesthetics
sample_seed_47,vacuum_cleaner_001,functionality
sample_seed_47,vacuum_cleaner_002,functionality
sample_seed_47,vacuum_cleaner_003,functionality
sample_seed_47,vacuum_cleaner_004,functionality
sample_seed_47,vacuum_cleaner_005,functionality
sample_seed_47,vacuum_cleaner_006,functionality
sample_seed_47,vacuum_cleaner_007,functionality
sample_seed_47,vacuum_cleaner_008,functionality
sample_seed_47,vacuum_cleaner_009,functionality
sample_seed_47,vacuum_cleaner_010,functionality
sample_seed_47,vacuum_cleaner_011,functionality
sample_seed_47,vacuum_cleaner_012,functionality
sample_seed_47,vacuum_cleaner_013,functionality
sample_seed_47,vacuum_cleaner_014,functionality
sample_seed_47,vacuum_cleaner_015,functionality
sample_seed_47,vacuum_cleaner_016,functionality
sample_seed_47,vacuum_cleaner_017,functionality
sample_seed_47,vacuum_cleaner_018,functionality
sample_seed_47,vacuum_cleaner_019,functionality
sample_seed_47,vacuum_cleaner_020,functionality
sample_seed_47,vacuum_cleaner_021,functionality
sample_seed_47,vacuum_cleaner_022,functionality
sample_seed_47,vacuum_cleaner_023,functionality
sample_seed_47,vacuum_cleaner_024,functionality
sample_seed_47,vacuum_cleaner_025,functionality
sample_seed_47,broom_001,functionality
sample_seed_47,broom_002,functionality
sample_seed_47,broom_003,functionality
sample_seed_47,broom_004,functionality
sample_seed_47,broom_005,functionality
sample_seed_47,broom_006,functionality
sample_seed_47,broom_007,functionality
sample_seed_47,broom_008,functionality
sample_seed_47,broom_009,functionality
sample_seed_47,broom_010,functionality
sample_seed_47,broom_011,functionality
sample_seed_47,broom_012,functionality
sample_seed_47,broom_013,functionality
sample_seed_47,broom_014,functionality
sample_seed_47,broom_015,functionality
sample_seed_47,broom_016,functionality
sample_seed_47,broom_017,functionality
sample_seed_47,broom_018,functionality
sample_seed_47,broom_019,functionality
sample_seed_47,broom_020,functionality
sample_seed_47,broom_021,functionality
sample_seed_47,broom_022,functionality
sample_seed_47,broom_023,functionality
sample_seed_47,broom_024,functionality
sample_seed_47,broom_025,functionality
sample_seed_47,electric_kettle_001,functionality
sample_seed_47,electric_kettle_002,functionality
sample_seed_47,electric_kettle_003,functionality
sample_seed_47,electric_kettle_004,functionality
sample_seed_47,electric_kettle_005,functionality
sample_seed_47,electric_kettle_006,functionality
sample_seed_47,electric_kettle_007,functionality
sample_seed_47,electric_kettle_008,functionality
sample_seed_47,electric_kettle_009,functionality
sample_seed_47,electric_kettle_010,functionality
sample_seed_47,electric_kettle_011,functionality
sample_seed_47,electric_kettle_012,functionality
sample_seed_47,electric_kettle_013,functionality
sample_seed_47,electric_kettle_014,functionality
sample_seed_47,electric_kettle_015,functionality
sample_seed_47,electric_kettle_016,functionality
sample_seed_47,electric_kettle_017,functionality
sample_seed_47,electric_kettle_018,functionality
sample_seed_47,electric_kettle_019,functionality
sample_seed_47,electric_kettle_020,functionality
sample_seed_47,electric_kettle_021,functionality
sample_seed_47,electric_kettle_022,functionality
sample_seed_47,electric_kettle_023,functionality
sample_seed_47,electric_kettle_024,functionality
sample_seed_47,electric_kettle_025,functionality
sample_seed_47,lounge_chair_001,functionality
sample_seed_47,lounge_chair_002,aesthetics
sample_seed_47,lounge_chair_003,aesthetics
sample_seed_47,lounge_chair_004,aesthetics
sample_seed_47,lounge_chair_005,functionality
sample_seed_47,lounge_chair_006,functionality
sample_seed_47,lounge_chair_007,aesthetics
sample_seed_47,lounge_chair_008,functionality
sample_seed_47,lounge_chair_009,functionality
sample_seed_47,lounge_chair_010,aesthetics
sample_seed_47,lounge_chair_011,aesthetics
sample_seed_47,lounge_chair_012,aesthetics
sample_seed_47,lounge_chair_013,functionality
sample_seed_47,lounge_chair_014,functionality
sample_seed_47,lounge_chair_015,functionality
sample_seed_47,lounge_chair_016,aesthetics
sample_seed_47,lounge_chair_017,aesthetics
sample_seed_47,lounge_chair_018,functionality
sample_seed_47,lounge_chair_019,aesthetics
sample_seed_47,lounge_chair_020,aesthetics
sample_seed_47,lounge_chair_021,functionality
sample_seed_47,lounge_chair_022,functionality
sample_seed_47,lounge_chair_023,aesthetics
sample_seed_47,lounge_chair_024,functionality
sample_seed_47,lounge_chair_025,functionality
sample_seed_47,desk_lamp_001,aesthetics
sample_seed_47,desk_lamp_002,functionality
sample_seed_47,desk_lamp_003,aesthetics
sample_seed_47,desk_lamp_004,functionality
sample_seed_47,desk_lamp_005,aesthetics
sample_seed_47,desk_lamp_006,aesthetics
sample_seed_47,desk_lamp_007,functionality
sample_seed_47,desk_lamp_008,functionality
sample_seed_47,desk_lamp_009,aesthetics
sample_seed_47,desk_lamp_010,functionality
sample_seed_47,desk_lamp_011,functionality
sample_seed_47,desk_lamp_012,aesthetics
sample_seed_47,desk_lamp_013,functionality
sample_seed_47,desk_lamp_014,aesthetics
sample_seed_47,desk_lamp_015,aesthetics
sample_seed_47,desk_lamp_016,aesthetics
sample_seed_47,desk_lamp_017,aesthetics
sample_seed_47,desk_lamp_018,functionality
sample_seed_47,desk_lamp_019,aesthetics
sample_seed_47,desk_lamp_020,aesthetics
sample_seed_47,desk_lamp_021,functionality
sample_seed_47,desk_lamp_022,aesthetics
sample_seed_47,desk_lamp_023,functionality
sample_seed_47,desk_lamp_024,aesthetics
sample_seed_47,desk_lamp_025,aesthetics
sample_seed_47,sneakers_001,aesthetics
sample_seed_47,sneakers_002,functionality
sample_seed_47,sneakers_003,functionality
sample_seed_47,sneakers_004,aesthetics
sample_seed_47,sneakers_005,functionality
sample_seed_47,sneakers_006,aesthetics
sample_seed_47,sneakers_007,functionality
sample_seed_47,sneakers_008,functionality
sample_seed_47,sneakers_009,functionality
sample_seed_47,sneakers_010,functionality
sample_seed_47,sneakers_011,aesthetics
sample_seed_47,sneakers_012,functionality
sample_seed_47,sneakers_013,functionality
sample_seed_47,sneakers_014,functionality
sample_seed_47,sneakers_015,functionality
sample_seed_47,sneakers_016,aesthetics
sample_seed_47,sneakers_017,functionality
sample_seed_47,sneakers_018,aesthetics
sample_seed_47,sneakers_019,functionality
sample_seed_47,sneakers_020,functionality
sample_seed_47,sneakers_021,functionality
sample_seed_47,sneakers_022,aesthetics
sample_seed_47,sneakers_023,functionality
sample_seed_47,sneakers_024,functionality
sample_seed_47,sneakers_025,aesthetics
sample_seed_59,sports_car_001,aesthetics
sample_seed_59,sports_car_002,aesthetics
sample_seed_59,sports_car_003,aesthetics
sample_seed_59,sports_car_004,aesthetics
sample_seed_59,sports_car_005,aesthetics
sample_seed_59,sports_car_006,aesthetics
sample_seed_59,sports_car_007,aesthetics
sample_seed_59,sports_car_008,aesthetics
sample_seed_59,sports_car_009,aesthetics
sample_seed_59,sports_car_010,aesthetics
sample_seed_59,sports_car_011,aesthetics
sample_seed_59,sports_car_012,aesthetics
sample_seed_59,sports_car_013,aesthetics
sample_seed_59,sports_car_014,aesthetics
sample_seed_59,sports_car_015,aesthetics
sample_seed_59,sports_car_016,aesthetics
sample_seed_59,sports_car_017,aesthetics
sample_seed_59,sports_car_018,aesthetics
sample_seed_59,sports_car_019,aesthetics
sample_seed_59,sports_car_020,aesthetics
sample_seed_59,sports_car_021,aesthetics
sample_seed_59,sports_car_022,aesthetics
sample_seed_59,sports_car_023,aesthetics
sample_seed_59,sports_car_024,aesthetics
sample_seed_59,sports_car_025,aesthetics
sample_seed_59,early_automobile_001,functionality
sample_seed_59,early_automobile_002,functionality
sample_seed_59,early_automobile_003,functionality
sample_seed_59,early_automobile_004,functionality
sample_seed_59,early_automobile_005,functionality
sample_seed_59,early_automobile_006,functionality
sample_seed_59,early_automobile_007,functionality
sample_seed_59,early_automobile_008,functionality
sample_seed_59,early_automobile_009,functionality
sample_seed_59,early_automobile_010,aesthetics
sample_seed_59,early_automobile_011,functionality
sample_seed_59,early_automobile_012,functionality
sample_seed_59,early_automobile_013,functionality
sample_seed_59,early_automobile_014,symbolism
sample_seed_59,early_automobile_015,functionality
sample_seed_59,early_automobile_016,functionality
sample_seed_59,early_automobile_017,functionality
sample_seed_59,early_automobile_018,functionality
sample_seed_59,early_automobile_019,functionality
sample_seed_59,early_automobile_020,functionality
sample_seed_59,early_automobile_021,functionality
sample_seed_59,early_automobile_022,symbolism
sample_seed_59,early_automobile_023,functionality
sample_seed_59,early_automobile_024,symbolism
sample_seed_59,early_automobile_025,functionality
sample_seed_59,vacuum_cleaner_001,functionality
sample_seed_59,vacuum_cleaner_002,functionality
sample_seed_59,vacuum_cleaner_003,functionality
sample_seed_59,vacuum_cleaner_004,functionality
sample_seed_59,vacuum_cleaner_005,functionality
sample_seed_59,vacuum_cleaner_006,functionality
sample_seed_59,vacuum_cleaner_007,functionality
sample_seed_59,vacuum_cleaner_008,functionality
sample_seed_59,vacuum_cleaner_009,functionality
sample_seed_59,vacuum_cleaner_010,functionality
sample_seed_59,vacuum_cleaner_011,functionality
sample_seed_59,vacuum_cleaner_012,functionality
sample_seed_59,vacuum_cleaner_013,functionality
sample_seed_59,vacuum_cleaner_014,functionality
sample_seed_59,vacuum_cleaner_015,functionality
sample_seed_59,vacuum_cleaner_016,functionality
sample_seed_59,vacuum_cleaner_017,functionality
sample_seed_59,vacuum_cleaner_018,functionality
sample_seed_59,vacuum_cleaner_019,functionality
sample_seed_59,vacuum_cleaner_020,functionality
sample_seed_59,vacuum_cleaner_021,functionality
sample_seed_59,vacuum_cleaner_022,functionality
sample_seed_59,vacuum_cleaner_023,functionality
sample_seed_59,vacuum_cleaner_024,functionality
sample_seed_59,vacuum_cleaner_025,functionality
sample_seed_59,broom_001,functionality
sample_seed_59,broom_002,functionality
sample_seed_59,broom_003,functionality
sample_seed_59,broom_004,functionality
sample_seed_59,broom_005,functionality
sample_seed_59,broom_006,functionality
sample_seed_59,broom_007,functionality
sample_seed_59,broom_008,functionality
sample_seed_59,broom_009,functionality
sample_seed_59,broom_010,functionality
sample_seed_59,broom_011,functionality
sample_seed_59,broom_012,functionality
sample_seed_59,broom_013,functionality
sample_seed_59,broom_014,functionality
sample_seed_59,broom_015,functionality
sample_seed_59,broom_016,functionality
sample_seed_59,broom_017,functionality
sample_seed_59,broom_018,functionality
sample_seed_59,broom_019,functionality
sample_seed_59,broom_020,functionality
sample_seed_59,broom_021,functionality
sample_seed_59,broom_022,functionality
sample_seed_59,broom_023,functionality
sample_seed_59,broom_024,functionality
sample_seed_59,broom_025,functionality
sample_seed_59,electric_kettle_001,functionality
sample_seed_59,electric_kettle_002,functionality
sample_seed_59,electric_kettle_003,functionality
sample_seed_59,electric_kettle_004,functionality
sample_seed_59,electric_kettle_005,functionality
sample_seed_59,electric_kettle_006,functionality
sample_seed_59,electric_kettle_007,functionality
sample_seed_59,electric_kettle_008,functionality
sample_seed_59,electric_kettle_009,functionality
sample_seed_59,electric_kettle_010,functionality
sample_seed_59,electric_kettle_011,functionality
sample_seed_59,electric_kettle_012,functionality
sample_seed_59,electric_kettle_013,functionality
sample_seed_59,electric_kettle_014,functionality
sample_seed_59,electric_kettle_015,functionality
sample_seed_59,electric_kettle_016,functionality
sample_seed_59,electric_kettle_017,functionality
sample_seed_59,electric_kettle_018,functionality
sample_seed_59,electric_kettle_019,functionality
sample_seed_59,electric_kettle_020,functionality
sample_seed_59,electric_kettle_021,functionality
sample_seed_59,electric_kettle_022,functionality
sample_seed_59,electric_kettle_023,functionality
sample_seed_59,electric_kettle_024,functionality
sample_seed_59,electric_kettle_025,functionality
sample_seed_59,lounge_chair_001,aesthetics
sample_seed_59,lounge_chair_002,aesthetics
sample_seed_59,lounge_chair_003,aesthetics
sample_seed_59,lounge_chair_004,functionality
sample_seed_59,lounge_chair_005,aesthetics
sample_seed_59,lounge_chair_006,functionality
sample_seed_59,lounge_chair_007,aesthetics
sample_seed_59,lounge_chair_008,functionality
sample_seed_59,lounge_chair_009,functionality
sample_seed_59,lounge_chair_010,aesthetics
sample_seed_59,lounge_chair_011,aesthetics
sample_seed_59,lounge_chair_012,aesthetics
sample_seed_59,lounge_chair_013,aesthetics
sample_seed_59,lounge_chair_014,functionality
sample_seed_59,lounge_chair_015,aesthetics
sample_seed_59,lounge_chair_016,aesthetics
sample_seed_59,lounge_chair_017,aesthetics
sample_seed_59,lounge_chair_018,functionality
sample_seed_59,lounge_chair_019,aesthetics
sample_seed_59,lounge_chair_020,aesthetics
sample_seed_59,lounge_chair_021,aesthetics
sample_seed_59,lounge_chair_022,functionality
sample_seed_59,lounge_chair_023,aesthetics
sample_seed_59,lounge_chair_024,functionality
sample_seed_59,lounge_chair_025,functionality
sample_seed_59,desk_lamp_001,functionality
sample_seed_59,desk_lamp_002,functionality
sample_seed_59,desk_lamp_003,aesthetics
sample_seed_59,desk_lamp_004,functionality
sample_seed_59,desk_lamp_005,aesthetics
sample_seed_59,desk_lamp_006,functionality
sample_seed_59,desk_lamp_007,aesthetics
sample_seed_59,desk_lamp_008,functionality
sample_seed_59,desk_lamp_009,functionality
sample_seed_59,desk_lamp_010,aesthetics
sample_seed_59,desk_lamp_011,functionality
sample_seed_59,desk_lamp_012,aesthetics
sample_seed_59,desk_lamp_013,functionality
sample_seed_59,desk_lamp_014,functionality
sample_seed_59,desk_lamp_015,aesthetics
sample_seed_59,desk_lamp_016,aesthetics
sample_seed_59,desk_lamp_017,aesthetics
sample_seed_59,desk_lamp_018,functionality
sample_seed_59,desk_lamp_019,aesthetics
sample_seed_59,desk_lamp_020,aesthetics
sample_seed_59,desk_lamp_021,functionality
sample_seed_59,desk_lamp_022,aesthetics
sample_seed_59,desk_lamp_023,aesthetics
sample_seed_59,desk_lamp_024,aesthetics
sample_seed_59,desk_lamp_025,aesthetics
sample_seed_59,sneakers_001,aesthetics
sample_seed_59,sneakers_002,functionality
sample_seed_59,sneakers_003,aesthetics
sample_seed_59,sneakers_004,functionality
sample_seed_59,sneakers_005,functionality
sample_seed_59,sneakers_006,aesthetics
sample_seed_59,sneakers_007,aesthetics
sample_seed_59,sneakers_008,functionality
sample_seed_59,sneakers_009,functionality
sample_seed_59,sneakers_010,functionality
sample_seed_59,sneakers_011,aesthetics
sample_seed_59,sneakers_012,functionality
sample_seed_59,sneakers_013,functionality
sample_seed_59,sneakers_014,aesthetics
sample_seed_59,sneakers_015,functionality
sample_seed_59,sneakers_016,aesthetics
sample_seed_59,sneakers_017,aesthetics
sample_seed_59,sneakers_018,aesthetics
sample_seed_59,sneakers_019,functionality
sample_seed_59,sneakers_020,functionality
sample_seed_59,sneakers_021,aesthetics
sample_seed_59,sneakers_022,aesthetics
sample_seed_59,sneakers_023,functionality
sample_seed_59,sneakers_024,functionality
sample_seed_59,sneakers_025,aesthetics
