image_id,category,modal_fraction,all_five_same,distinct_labels,normalized_label_entropy,canonical_label,greedy_matches_stochastic_mode,count_functionality,count_aesthetics,count_usability,count_symbolism,count_unclear
broom_001,broom,1.0,True,1,-0.0,functionality,True,5,0,0,0,0
broom_002,broom,1.0,True,1,-0.0,functionality,True,5,0,0,0,0
broom_003,broom,1.0,True,1,-0.0,functionality,True,5,0,0,0,0
broom_004,broom,1.0,True,1,-0.0,functionality,True,5,0,0,0,0
broom_005,broom,1.0,True,1,-0.0,functionality,True,5,0,0,0,0
broom_006,broom,1.0,True,1,-0.0,functionality,True,5,0,0,0,0
broom_007,broom,1.0,True,1,-0.0,functionality,True,5,0,0,0,0
broom_008,broom,1.0,True,1,-0.0,functionality,True,5,0,0,0,0
broom_009,broom,1.0,True,1,-0.0,functionality,True,5,0,0,0,0
broom_010,broom,1.0,True,1,-0.0,functionality,True,5,0,0,0,0
broom_011,broom,1.0,True,1,-0.0,functionality,True,5,0,0,0,0
broom_012,broom,1.0,True,1,-0.0,functionality,True,5,0,0,0,0
broom_013,broom,1.0,True,1,-0.0,functionality,True,5,0,0,0,0
broom_014,broom,1.0,True,1,-0.0,functionality,True,5,0,0,0,0
broom_015,broom,1.0,True,1,-0.0,functionality,True,5,0,0,0,0
broom_016,broom,1.0,True,1,-0.0,functionality,True,5,0,0,0,0
broom_017,broom,1.0,True,1,-0.0,functionality,True,5,0,0,0,0
broom_018,broom,1.0,True,1,-0.0,functionality,True,5,0,0,0,0
broom_019,broom,1.0,True,1,-0.0,functionality,True,5,0,0,0,0
broom_020,broom,1.0,True,1,-0.0,functionality,True,5,0,0,0,0
broom_021,broom,1.0,True,1,-0.0,functionality,True,5,0,0,0,0
broom_022,broom,1.0,True,1,-0.0,functionality,True,5,0,0,0,0
broom_023,broom,1.0,True,1,-0.0,functionality,True,5,0,0,0,0
broom_024,broom,1.0,True,1,-0.0,functionality,True,5,0,0,0,0
broom_025,broom,1.0,True,1,-0.0,functionality,True,5,0,0,0,0
desk_lamp_001,desk_lamp,0.6,False,2,0.4181656600790516,functionality,False,2,3,0,0,0
desk_lamp_002,desk_lamp,0.8,False,2,0.31091750708257115,functionality,True,4,1,0,0,0
desk_lamp_003,desk_lamp,1.0,True,1,-0.0,aesthetics,True,0,5,0,0,0
desk_lamp_004,desk_lamp,0.8,False,2,0.31091750708257115,functionality,True,4,1,0,0,0
desk_lamp_005,desk_lamp,0.8,False,2,0.31091750708257115,aesthetics,True,1,4,0,0,0
desk_lamp_006,desk_lamp,0.6,False,2,0.4181656600790516,aesthetics,True,2,3,0,0,0
desk_lamp_007,desk_lamp,0.6,False,2,0.4181656600790516,aesthetics,False,3,2,0,0,0
desk_lamp_008,desk_lamp,1.0,True,1,-0.0,functionality,True,5,0,0,0,0
desk_lamp_009,desk_lamp,0.6,False,2,0.4181656600790516,functionality,True,3,2,0,0,0
desk_lamp_010,desk_lamp,0.8,False,2,0.31091750708257115,functionality,False,1,4,0,0,0
desk_lamp_011,desk_lamp,1.0,True,1,-0.0,functionality,True,5,0,0,0,0
desk_lamp_012,desk_lamp,1.0,True,1,-0.0,aesthetics,True,0,5,0,0,0
desk_lamp_013,desk_lamp,1.0,True,1,-0.0,functionality,True,5,0,0,0,0
desk_lamp_014,desk_lamp,0.8,False,2,0.31091750708257115,functionality,False,1,4,0,0,0
desk_lamp_015,desk_lamp,1.0,True,1,-0.0,aesthetics,True,0,5,0,0,0
desk_lamp_016,desk_lamp,1.0,True,1,-0.0,aesthetics,True,0,5,0,0,0
desk_lamp_017,desk_lamp,0.6,False,2,0.4181656600790516,functionality,False,2,3,0,0,0
desk_lamp_018,desk_lamp,1.0,True,1,-0.0,functionality,True,5,0,0,0,0
desk_lamp_019,desk_lamp,1.0,True,1,-0.0,aesthetics,True,0,5,0,0,0
desk_lamp_020,desk_lamp,0.6,False,2,0.4181656600790516,aesthetics,True,2,3,0,0,0
desk_lamp_021,desk_lamp,1.0,True,1,-0.0,functionality,True,5,0,0,0,0
desk_lamp_022,desk_lamp,0.8,False,2,0.31091750708257115,aesthetics,True,1,4,0,0,0
desk_lamp_023,desk_lamp,0.6,False,2,0.4181656600790516,aesthetics,True,2,3,0,0,0
desk_lamp_024,desk_lamp,0.8,False,2,0.31091750708257115,aesthetics,True,1,4,0,0,0
desk_lamp_025,desk_lamp,0.8,False,2,0.31091750708257115,aesthetics,True,1,4,0,0,0
early_automobile_001,early_automobile,1.0,True,1,-0.0,functionality,True,5,0,0,0,0
early_automobile_002,early_automobile,1.0,True,1,-0.0,functionality,True,5,0,0,0,0
early_automobile_003,early_automobile,1.0,True,1,-0.0,functionality,True,5,0,0,0,0
early_automobile_004,early_automobile,1.0,True,1,-0.0,functionality,True,5,0,0,0,0
early_automobile_005,early_automobile,1.0,True,1,-0.0,functionality,True,5,0,0,0,0
early_automobile_006,early_automobile,1.0,True,1,-0.0,functionality,True,5,0,0,0,0
early_automobile_007,early_automobile,1.0,True,1,-0.0,functionality,True,5,0,0,0,0
early_automobile_008,early_automobile,1.0,True,1,-0.0,functionality,True,5,0,0,0,0
early_automobile_009,early_automobile,1.0,True,1,-0.0,functionality,True,5,0,0,0,0
early_automobile_010,early_automobile,1.0,True,1,-0.0,aesthetics,True,0,5,0,0,0
early_automobile_011,early_automobile,1.0,True,1,-0.0,functionality,True,5,0,0,0,0
early_automobile_012,early_automobile,1.0,True,1,-0.0,functionality,True,5,0,0,0,0
early_automobile_013,early_automobile,1.0,True,1,-0.0,functionality,True,5,0,0,0,0
early_automobile_014,early_automobile,0.8,False,2,0.31091750708257115,symbolism,False,4,0,0,1,0
early_automobile_015,early_automobile,0.6,False,2,0.4181656600790516,functionality,True,3,0,0,2,0
early_automobile_016,early_automobile,1.0,True,1,-0.0,functionality,True,5,0,0,0,0
early_automobile_017,early_automobile,1.0,True,1,-0.0,functionality,True,5,0,0,0,0
early_automobile_018,early_automobile,1.0,True,1,-0.0,functionality,True,5,0,0,0,0
early_automobile_019,early_automobile,1.0,True,1,-0.0,functionality,True,5,0,0,0,0
early_automobile_020,early_automobile,1.0,True,1,-0.0,functionality,True,5,0,0,0,0
early_automobile_021,early_automobile,1.0,True,1,-0.0,functionality,True,5,0,0,0,0
early_automobile_022,early_automobile,0.8,False,2,0.31091750708257115,functionality,True,4,0,0,1,0
early_automobile_023,early_automobile,0.8,False,2,0.31091750708257115,functionality,True,4,0,0,1,0
early_automobile_024,early_automobile,0.6,False,2,0.4181656600790516,functionality,True,3,0,0,2,0
early_automobile_025,early_automobile,0.8,False,2,0.31091750708257115,aesthetics,True,1,4,0,0,0
electric_kettle_001,electric_kettle,1.0,True,1,-0.0,functionality,True,5,0,0,0,0
electric_kettle_002,electric_kettle,1.0,True,1,-0.0,functionality,True,5,0,0,0,0
electric_kettle_003,electric_kettle,0.8,False,2,0.31091750708257115,functionality,True,4,0,1,0,0
electric_kettle_004,electric_kettle,1.0,True,1,-0.0,functionality,True,5,0,0,0,0
electric_kettle_005,electric_kettle,1.0,True,1,-0.0,functionality,True,5,0,0,0,0
electric_kettle_006,electric_kettle,0.6,False,2,0.4181656600790516,functionality,True,3,2,0,0,0
electric_kettle_007,electric_kettle,1.0,True,1,-0.0,functionality,True,5,0,0,0,0
electric_kettle_008,electric_kettle,1.0,True,1,-0.0,functionality,True,5,0,0,0,0
electric_kettle_009,electric_kettle,1.0,True,1,-0.0,functionality,True,5,0,0,0,0
electric_kettle_010,electric_kettle,1.0,True,1,-0.0,functionality,True,5,0,0,0,0
electric_kettle_011,electric_kettle,1.0,True,1,-0.0,functionality,True,5,0,0,0,0
electric_kettle_012,electric_kettle,1.0,True,1,-0.0,functionality,True,5,0,0,0,0
electric_kettle_013,electric_kettle,1.0,True,1,-0.0,functionality,True,5,0,0,0,0
electric_kettle_014,electric_kettle,1.0,True,1,-0.0,functionality,True,5,0,0,0,0
electric_kettle_015,electric_kettle,1.0,True,1,-0.0,functionality,True,5,0,0,0,0
electric_kettle_016,electric_kettle,1.0,True,1,-0.0,functionality,True,5,0,0,0,0
electric_kettle_017,electric_kettle,1.0,True,1,-0.0,functionality,True,5,0,0,0,0
electric_kettle_018,electric_kettle,1.0,True,1,-0.0,functionality,True,5,0,0,0,0
electric_kettle_019,electric_kettle,1.0,True,1,-0.0,functionality,True,5,0,0,0,0
electric_kettle_020,electric_kettle,1.0,True,1,-0.0,functionality,True,5,0,0,0,0
electric_kettle_021,electric_kettle,1.0,True,1,-0.0,functionality,True,5,0,0,0,0
electric_kettle_022,electric_kettle,1.0,True,1,-0.0,functionality,True,5,0,0,0,0
electric_kettle_023,electric_kettle,1.0,True,1,-0.0,functionality,True,5,0,0,0,0
electric_kettle_024,electric_kettle,1.0,True,1,-0.0,functionality,True,5,0,0,0,0
electric_kettle_025,electric_kettle,1.0,True,1,-0.0,functionality,True,5,0,0,0,0
lounge_chair_001,lounge_chair,0.6,False,2,0.4181656600790516,functionality,True,3,2,0,0,0
lounge_chair_002,lounge_chair,1.0,True,1,-0.0,aesthetics,True,0,5,0,0,0
lounge_chair_003,lounge_chair,1.0,True,1,-0.0,aesthetics,True,0,5,0,0,0
lounge_chair_004,lounge_chair,0.6,False,2,0.4181656600790516,functionality,False,2,3,0,0,0
lounge_chair_005,lounge_chair,0.6,False,2,0.4181656600790516,aesthetics,True,2,3,0,0,0
lounge_chair_006,lounge_chair,0.6,False,2,0.4181656600790516,aesthetics,False,3,2,0,0,0
lounge_chair_007,lounge_chair,1.0,True,1,-0.0,aesthetics,True,0,5,0,0,0
lounge_chair_008,lounge_chair,0.6,False,2,0.4181656600790516,functionality,True,3,2,0,0,0
lounge_chair_009,lounge_chair,0.8,False,2,0.31091750708257115,functionality,True,4,1,0,0,0
lounge_chair_010,lounge_chair,1.0,True,1,-0.0,aesthetics,True,0,5,0,0,0
lounge_chair_011,lounge_chair,0.8,False,2,0.31091750708257115,aesthetics,True,1,4,0,0,0
lounge_chair_012,lounge_chair,0.8,False,2,0.31091750708257115,aesthetics,True,1,4,0,0,0
lounge_chair_013,lounge_chair,0.8,False,2,0.31091750708257115,functionality,True,4,1,0,0,0
lounge_chair_014,lounge_chair,0.8,False,2,0.31091750708257115,aesthetics,False,4,1,0,0,0
lounge_chair_015,lounge_chair,0.8,False,2,0.31091750708257115,aesthetics,True,1,4,0,0,0
lounge_chair_016,lounge_chair,1.0,True,1,-0.0,aesthetics,True,0,5,0,0,0
lounge_chair_017,lounge_chair,1.0,True,1,-0.0,aesthetics,True,0,5,0,0,0
lounge_chair_018,lounge_chair,0.6,False,2,0.4181656600790516,aesthetics,False,3,2,0,0,0
lounge_chair_019,lounge_chair,1.0,True,1,-0.0,aesthetics,True,0,5,0,0,0
lounge_chair_020,lounge_chair,1.0,True,1,-0.0,aesthetics,True,0,5,0,0,0
lounge_chair_021,lounge_chair,0.6,False,2,0.4181656600790516,aesthetics,True,2,3,0,0,0
lounge_chair_022,lounge_chair,1.0,True,1,-0.0,functionality,True,5,0,0,0,0
lounge_chair_023,lounge_chair,1.0,True,1,-0.0,aesthetics,True,0,5,0,0,0
lounge_chair_024,lounge_chair,0.8,False,2,0.31091750708257115,functionality,True,4,1,0,0,0
lounge_chair_025,lounge_chair,0.6,False,2,0.4181656600790516,aesthetics,False,3,2,0,0,0
sneakers_001,sneakers,0.6,False,2,0.4181656600790516,aesthetics,False,3,2,0,0,0
sneakers_002,sneakers,0.6,False,2,0.4181656600790516,functionality,True,3,2,0,0,0
sneakers_003,sneakers,0.6,False,2,0.4181656600790516,functionality,True,3,2,0,0,0
sneakers_004,sneakers,0.6,False,2,0.4181656600790516,functionality,False,2,3,0,0,0
sneakers_005,sneakers,1.0,True,1,-0.0,functionality,True,5,0,0,0,0
sneakers_006,sneakers,1.0,True,1,-0.0,aesthetics,True,0,5,0,0,0
sneakers_007,sneakers,0.6,False,2,0.4181656600790516,functionality,True,3,2,0,0,0
sneakers_008,sneakers,1.0,True,1,-0.0,functionality,True,5,0,0,0,0
sneakers_009,sneakers,1.0,True,1,-0.0,functionality,True,5,0,0,0,0
sneakers_010,sneakers,1.0,True,1,-0.0,functionality,True,5,0,0,0,0
sneakers_011,sneakers,0.6,False,2,0.4181656600790516,aesthetics,True,2,3,0,0,0
sneakers_012,sneakers,1.0,True,1,-0.0,functionality,True,5,0,0,0,0
sneakers_013,sneakers,1.0,True,1,-0.0,functionality,True,5,0,0,0,0
sneakers_014,sneakers,0.8,False,2,0.31091750708257115,functionality,True,4,1,0,0,0
sneakers_015,sneakers,1.0,True,1,-0.0,functionality,True,5,0,0,0,0
sneakers_016,sneakers,1.0,True,1,-0.0,aesthetics,True,0,5,0,0,0
sneakers_017,sneakers,0.8,False,2,0.31091750708257115,functionality,True,4,1,0,0,0
sneakers_018,sneakers,0.8,False,2,0.31091750708257115,aesthetics,True,1,4,0,0,0
sneakers_019,sneakers,1.0,True,1,-0.0,functionality,True,5,0,0,0,0
sneakers_020,sneakers,1.0,True,1,-0.0,functionality,True,5,0,0,0,0
sneakers_021,sneakers,0.6,False,2,0.4181656600790516,aesthetics,True,2,3,0,0,0
sneakers_022,sneakers,0.8,False,2,0.31091750708257115,aesthetics,True,1,4,0,0,0
sneakers_023,sneakers,1.0,True,1,-0.0,functionality,True,5,0,0,0,0
sneakers_024,sneakers,1.0,True,1,-0.0,functionality,True,5,0,0,0,0
sneakers_025,sneakers,0.6,False,2,0.4181656600790516,functionality,False,2,3,0,0,0
sports_car_001,sports_car,1.0,True,1,-0.0,aesthetics,True,0,5,0,0,0
sports_car_002,sports_car,1.0,True,1,-0.0,aesthetics,True,0,5,0,0,0
sports_car_003,sports_car,1.0,True,1,-0.0,aesthetics,True,0,5,0,0,0
sports_car_004,sports_car,1.0,True,1,-0.0,aesthetics,True,0,5,0,0,0
sports_car_005,sports_car,1.0,True,1,-0.0,aesthetics,True,0,5,0,0,0
sports_car_006,sports_car,1.0,True,1,-0.0,aesthetics,True,0,5,0,0,0
sports_car_007,sports_car,1.0,True,1,-0.0,aesthetics,True,0,5,0,0,0
sports_car_008,sports_car,1.0,True,1,-0.0,aesthetics,True,0,5,0,0,0
sports_car_009,sports_car,1.0,True,1,-0.0,aesthetics,True,0,5,0,0,0
sports_car_010,sports_car,1.0,True,1,-0.0,aesthetics,True,0,5,0,0,0
sports_car_011,sports_car,1.0,True,1,-0.0,aesthetics,True,0,5,0,0,0
sports_car_012,sports_car,1.0,True,1,-0.0,aesthetics,True,0,5,0,0,0
sports_car_013,sports_car,1.0,True,1,-0.0,aesthetics,True,0,5,0,0,0
sports_car_014,sports_car,1.0,True,1,-0.0,aesthetics,True,0,5,0,0,0
sports_car_015,sports_car,1.0,True,1,-0.0,aesthetics,True,0,5,0,0,0
sports_car_016,sports_car,1.0,True,1,-0.0,aesthetics,True,0,5,0,0,0
sports_car_017,sports_car,1.0,True,1,-0.0,aesthetics,True,0,5,0,0,0
sports_car_018,sports_car,1.0,True,1,-0.0,aesthetics,True,0,5,0,0,0
sports_car_019,sports_car,1.0,True,1,-0.0,aesthetics,True,0,5,0,0,0
sports_car_020,sports_car,1.0,True,1,-0.0,aesthetics,True,0,5,0,0,0
sports_car_021,sports_car,1.0,True,1,-0.0,aesthetics,True,0,5,0,0,0
sports_car_022,sports_car,1.0,True,1,-0.0,aesthetics,True,0,5,0,0,0
sports_car_023,sports_car,1.0,True,1,-0.0,aesthetics,True,0,5,0,0,0
sports_car_024,sports_car,1.0,True,1,-0.0,aesthetics,True,0,5,0,0,0
sports_car_025,sports_car,1.0,True,1,-0.0,aesthetics,True,0,5,0,0,0
vacuum_cleaner_001,vacuum_cleaner,1.0,True,1,-0.0,functionality,True,5,0,0,0,0
vacuum_cleaner_002,vacuum_cleaner,1.0,True,1,-0.0,functionality,True,5,0,0,0,0
vacuum_cleaner_003,vacuum_cleaner,1.0,True,1,-0.0,functionality,True,5,0,0,0,0
vacuum_cleaner_004,vacuum_cleaner,1.0,True,1,-0.0,functionality,True,5,0,0,0,0
vacuum_cleaner_005,vacuum_cleaner,1.0,True,1,-0.0,functionality,True,5,0,0,0,0
vacuum_cleaner_006,vacuum_cleaner,1.0,True,1,-0.0,functionality,True,5,0,0,0,0
vacuum_cleaner_007,vacuum_cleaner,1.0,True,1,-0.0,functionality,True,5,0,0,0,0
vacuum_cleaner_008,vacuum_cleaner,1.0,True,1,-0.0,functionality,True,5,0,0,0,0
vacuum_cleaner_009,vacuum_cleaner,1.0,True,1,-0.0,functionality,True,5,0,0,0,0
vacuum_cleaner_010,vacuum_cleaner,1.0,True,1,-0.0,functionality,True,5,0,0,0,0
vacuum_cleaner_011,vacuum_cleaner,1.0,True,1,-0.0,functionality,True,5,0,0,0,0
vacuum_cleaner_012,vacuum_cleaner,1.0,True,1,-0.0,functionality,True,5,0,0,0,0
vacuum_cleaner_013,vacuum_cleaner,1.0,True,1,-0.0,functionality,True,5,0,0,0,0
vacuum_cleaner_014,vacuum_cleaner,1.0,True,1,-0.0,functionality,True,5,0,0,0,0
vacuum_cleaner_015,vacuum_cleaner,1.0,True,1,-0.0,functionality,True,5,0,0,0,0
vacuum_cleaner_016,vacuum_cleaner,1.0,True,1,-0.0,functionality,True,5,0,0,0,0
vacuum_cleaner_017,vacuum_cleaner,1.0,True,1,-0.0,functionality,True,5,0,0,0,0
vacuum_cleaner_018,vacuum_cleaner,1.0,True,1,-0.0,functionality,True,5,0,0,0,0
vacuum_cleaner_019,vacuum_cleaner,1.0,True,1,-0.0,functionality,True,5,0,0,0,0
vacuum_cleaner_020,vacuum_cleaner,1.0,True,1,-0.0,functionality,True,5,0,0,0,0
vacuum_cleaner_021,vacuum_cleaner,1.0,True,1,-0.0,functionality,True,5,0,0,0,0
vacuum_cleaner_022,vacuum_cleaner,1.0,True,1,-0.0,functionality,True,5,0,0,0,0
vacuum_cleaner_023,vacuum_cleaner,1.0,True,1,-0.0,functionality,True,5,0,0,0,0
vacuum_cleaner_024,vacuum_cleaner,1.0,True,1,-0.0,functionality,True,5,0,0,0,0
vacuum_cleaner_025,vacuum_cleaner,1.0,True,1,-0.0,functionality,True,5,0,0,0,0
