outer_fold,outer_held_out_category,inner_fold,inner_validation_category,config_id,n_images,soft_cross_entropy_nats,best_epoch,inner_seed
1,broom,1,desk_lamp,r16_lr2e5_hw00_ew05,25,1.1300583968212639,4,21261926
1,broom,1,desk_lamp,r32_lr2e5_hw10_ew10,25,1.1275529137476668,3,21261926
1,broom,1,desk_lamp,r32_lr5e5_hw20_ew10,25,1.1179424981373982,7,21261926
1,broom,2,early_automobile,r16_lr2e5_hw00_ew05,25,1.2931647619133444,12,21261927
1,broom,2,early_automobile,r32_lr2e5_hw10_ew10,25,1.3424674788139281,9,21261927
1,broom,2,early_automobile,r32_lr5e5_hw20_ew10,25,1.4891643552147473,7,21261927
1,broom,3,electric_kettle,r16_lr2e5_hw00_ew05,25,0.6183224455170725,5,21261928
1,broom,3,electric_kettle,r32_lr2e5_hw10_ew10,25,0.5690898278895482,6,21261928
1,broom,3,electric_kettle,r32_lr5e5_hw20_ew10,25,0.5660249862380663,6,21261928
1,broom,4,lounge_chair,r16_lr2e5_hw00_ew05,25,1.4382662139527846,2,21261929
1,broom,4,lounge_chair,r32_lr2e5_hw10_ew10,25,1.4392806817330088,5,21261929
1,broom,4,lounge_chair,r32_lr5e5_hw20_ew10,25,1.4080017202522597,1,21261929
1,broom,5,sneakers,r16_lr2e5_hw00_ew05,25,1.3731724480600662,8,21261930
1,broom,5,sneakers,r32_lr2e5_hw10_ew10,25,1.3813703508999506,8,21261930
1,broom,5,sneakers,r32_lr5e5_hw20_ew10,25,1.3285010934806538,1,21261930
1,broom,6,sports_car,r16_lr2e5_hw00_ew05,25,0.998363993093403,5,21261931
1,broom,6,sports_car,r32_lr2e5_hw10_ew10,25,1.021884228174809,4,21261931
1,broom,6,sports_car,r32_lr5e5_hw20_ew10,25,1.0095198688980132,1,21261931
1,broom,7,vacuum_cleaner,r16_lr2e5_hw00_ew05,25,1.0213258553985267,12,21261932
1,broom,7,vacuum_cleaner,r32_lr2e5_hw10_ew10,25,1.0482666083836376,9,21261932
1,broom,7,vacuum_cleaner,r32_lr5e5_hw20_ew10,25,1.0256274704047175,6,21261932
2,desk_lamp,1,broom,r16_lr2e5_hw00_ew05,25,1.1003420703564653,6,21262926
2,desk_lamp,1,broom,r32_lr2e5_hw10_ew10,25,1.0743556444458426,6,21262926
2,desk_lamp,1,broom,r32_lr5e5_hw20_ew10,25,1.086839374379521,7,21262926
2,desk_lamp,2,early_automobile,r16_lr2e5_hw00_ew05,25,1.4082250768387674,1,21262927
2,desk_lamp,2,early_automobile,r32_lr2e5_hw10_ew10,25,1.3315073390182912,11,21262927
2,desk_lamp,2,early_automobile,r32_lr5e5_hw20_ew10,25,1.3780030902639744,1,21262927
2,desk_lamp,3,electric_kettle,r16_lr2e5_hw00_ew05,25,0.6238734737719284,9,21262928
2,desk_lamp,3,electric_kettle,r32_lr2e5_hw10_ew10,25,0.5818131310794173,13,21262928
2,desk_lamp,3,electric_kettle,r32_lr5e5_hw20_ew10,25,0.5871977695630868,2,21262928
2,desk_lamp,4,lounge_chair,r16_lr2e5_hw00_ew05,25,1.4414770406019337,4,21262929
2,desk_lamp,4,lounge_chair,r32_lr2e5_hw10_ew10,25,1.435355140775414,2,21262929
2,desk_lamp,4,lounge_chair,r32_lr5e5_hw20_ew10,25,1.3774153784429135,5,21262929
2,desk_lamp,5,sneakers,r16_lr2e5_hw00_ew05,25,1.3332821110400652,4,21262930
2,desk_lamp,5,sneakers,r32_lr2e5_hw10_ew10,25,1.2970494569002518,6,21262930
2,desk_lamp,5,sneakers,r32_lr5e5_hw20_ew10,25,1.294674572536328,7,21262930
2,desk_lamp,6,sports_car,r16_lr2e5_hw00_ew05,25,0.9960037532405817,7,21262931
2,desk_lamp,6,sports_car,r32_lr2e5_hw10_ew10,25,1.0237142206171432,5,21262931
2,desk_lamp,6,sports_car,r32_lr5e5_hw20_ew10,25,1.0266966820903445,14,21262931
2,desk_lamp,7,vacuum_cleaner,r16_lr2e5_hw00_ew05,25,1.035975205220106,2,21262932
2,desk_lamp,7,vacuum_cleaner,r32_lr2e5_hw10_ew10,25,1.0084131845599893,7,21262932
2,desk_lamp,7,vacuum_cleaner,r32_lr5e5_hw20_ew10,25,1.002850991972064,1,21262932
3,early_automobile,1,broom,r16_lr2e5_hw00_ew05,25,1.0959509587586496,7,21263926
3,early_automobile,1,broom,r32_lr2e5_hw10_ew10,25,1.0998038052715011,3,21263926
3,early_automobile,1,broom,r32_lr5e5_hw20_ew10,25,1.1031447884093435,6,21263926
3,early_automobile,2,desk_lamp,r16_lr2e5_hw00_ew05,25,1.1457327751757453,6,21263927
3,early_automobile,2,desk_lamp,r32_lr2e5_hw10_ew10,25,1.1164052800750057,5,21263927
3,early_automobile,2,desk_lamp,r32_lr5e5_hw20_ew10,25,1.1206465181184484,5,21263927
3,early_automobile,3,electric_kettle,r16_lr2e5_hw00_ew05,25,0.59741035679263,7,21263928
3,early_automobile,3,electric_kettle,r32_lr2e5_hw10_ew10,25,0.5771475019743955,8,21263928
3,early_automobile,3,electric_kettle,r32_lr5e5_hw20_ew10,25,0.5709450883029451,5,21263928
3,early_automobile,4,lounge_chair,r16_lr2e5_hw00_ew05,25,1.4444048099119464,11,21263929
3,early_automobile,4,lounge_chair,r32_lr2e5_hw10_ew10,25,1.4324729220956312,1,21263929
3,early_automobile,4,lounge_chair,r32_lr5e5_hw20_ew10,25,1.4056871677401137,4,21263929
3,early_automobile,5,sneakers,r16_lr2e5_hw00_ew05,25,1.3774848880907902,9,21263930
3,early_automobile,5,sneakers,r32_lr2e5_hw10_ew10,25,1.3780793402472287,6,21263930
3,early_automobile,5,sneakers,r32_lr5e5_hw20_ew10,25,1.3427098486863493,6,21263930
3,early_automobile,6,sports_car,r16_lr2e5_hw00_ew05,25,1.0087300271159794,7,21263931
3,early_automobile,6,sports_car,r32_lr2e5_hw10_ew10,25,0.9962859957263578,12,21263931
3,early_automobile,6,sports_car,r32_lr5e5_hw20_ew10,25,1.057071748220158,3,21263931
3,early_automobile,7,vacuum_cleaner,r16_lr2e5_hw00_ew05,25,1.0199829977349544,12,21263932
3,early_automobile,7,vacuum_cleaner,r32_lr2e5_hw10_ew10,25,1.0316906078173393,3,21263932
3,early_automobile,7,vacuum_cleaner,r32_lr5e5_hw20_ew10,25,1.0133628482201622,3,21263932
4,electric_kettle,1,broom,r16_lr2e5_hw00_ew05,25,1.0812123614612592,2,21264926
4,electric_kettle,1,broom,r32_lr2e5_hw10_ew10,25,1.0951867323775266,7,21264926
4,electric_kettle,1,broom,r32_lr5e5_hw20_ew10,25,1.112577512903284,10,21264926
4,electric_kettle,2,desk_lamp,r16_lr2e5_hw00_ew05,25,1.1224104110316215,6,21264927
4,electric_kettle,2,desk_lamp,r32_lr2e5_hw10_ew10,25,1.1485398389308514,2,21264927
4,electric_kettle,2,desk_lamp,r32_lr5e5_hw20_ew10,25,1.1439387787927089,4,21264927
4,electric_kettle,3,early_automobile,r16_lr2e5_hw00_ew05,25,1.3287266148732007,6,21264928
4,electric_kettle,3,early_automobile,r32_lr2e5_hw10_ew10,25,1.3139448032111876,4,21264928
4,electric_kettle,3,early_automobile,r32_lr5e5_hw20_ew10,25,1.37332314173125,3,21264928
4,electric_kettle,4,lounge_chair,r16_lr2e5_hw00_ew05,25,1.4209413691416861,5,21264929
4,electric_kettle,4,lounge_chair,r32_lr2e5_hw10_ew10,25,1.4198548731301157,6,21264929
4,electric_kettle,4,lounge_chair,r32_lr5e5_hw20_ew10,25,1.3864270874780453,4,21264929
4,electric_kettle,5,sneakers,r16_lr2e5_hw00_ew05,25,1.3512161607371693,7,21264930
4,electric_kettle,5,sneakers,r32_lr2e5_hw10_ew10,25,1.3552557851005795,4,21264930
4,electric_kettle,5,sneakers,r32_lr5e5_hw20_ew10,25,1.3599676763285118,4,21264930
4,electric_kettle,6,sports_car,r16_lr2e5_hw00_ew05,25,0.9908966699609896,6,21264931
4,electric_kettle,6,sports_car,r32_lr2e5_hw10_ew10,25,0.9971201087006589,13,21264931
4,electric_kettle,6,sports_car,r32_lr5e5_hw20_ew10,25,1.004845134628605,7,21264931
4,electric_kettle,7,vacuum_cleaner,r16_lr2e5_hw00_ew05,25,1.0144039691055546,7,21264932
4,electric_kettle,7,vacuum_cleaner,r32_lr2e5_hw10_ew10,25,1.0080361008510434,10,21264932
4,electric_kettle,7,vacuum_cleaner,r32_lr5e5_hw20_ew10,25,1.0323574722147746,8,21264932
5,lounge_chair,1,broom,r16_lr2e5_hw00_ew05,25,1.084847772469284,5,21265926
5,lounge_chair,1,broom,r32_lr2e5_hw10_ew10,25,1.087861806219617,6,21265926
5,lounge_chair,1,broom,r32_lr5e5_hw20_ew10,25,1.0724069802412723,5,21265926
5,lounge_chair,2,desk_lamp,r16_lr2e5_hw00_ew05,25,1.135937036789304,1,21265927
5,lounge_chair,2,desk_lamp,r32_lr2e5_hw10_ew10,25,1.1698623489316509,3,21265927
5,lounge_chair,2,desk_lamp,r32_lr5e5_hw20_ew10,25,1.185063372174423,7,21265927
5,lounge_chair,3,early_automobile,r16_lr2e5_hw00_ew05,25,1.3128770891316361,7,21265928
5,lounge_chair,3,early_automobile,r32_lr2e5_hw10_ew10,25,1.3215800497817505,3,21265928
5,lounge_chair,3,early_automobile,r32_lr5e5_hw20_ew10,25,1.3658142189475917,3,21265928
5,lounge_chair,4,electric_kettle,r16_lr2e5_hw00_ew05,25,0.6290435833356899,4,21265929
5,lounge_chair,4,electric_kettle,r32_lr2e5_hw10_ew10,25,0.610980664770333,6,21265929
5,lounge_chair,4,electric_kettle,r32_lr5e5_hw20_ew10,25,0.5767953357818787,6,21265929
5,lounge_chair,5,sneakers,r16_lr2e5_hw00_ew05,25,1.390965550835392,6,21265930
5,lounge_chair,5,sneakers,r32_lr2e5_hw10_ew10,25,1.4031858440928624,7,21265930
5,lounge_chair,5,sneakers,r32_lr5e5_hw20_ew10,25,1.4504369681446627,1,21265930
5,lounge_chair,6,sports_car,r16_lr2e5_hw00_ew05,25,0.966507753835619,8,21265931
5,lounge_chair,6,sports_car,r32_lr2e5_hw10_ew10,25,0.9713558566499736,5,21265931
5,lounge_chair,6,sports_car,r32_lr5e5_hw20_ew10,25,1.0021101866964741,3,21265931
5,lounge_chair,7,vacuum_cleaner,r16_lr2e5_hw00_ew05,25,1.0356874647216017,5,21265932
5,lounge_chair,7,vacuum_cleaner,r32_lr2e5_hw10_ew10,25,1.0306483099173278,6,21265932
5,lounge_chair,7,vacuum_cleaner,r32_lr5e5_hw20_ew10,25,1.0398985989619192,5,21265932
6,sneakers,1,broom,r16_lr2e5_hw00_ew05,25,1.1045450606070866,5,21266926
6,sneakers,1,broom,r32_lr2e5_hw10_ew10,25,1.097147533607447,8,21266926
6,sneakers,1,broom,r32_lr5e5_hw20_ew10,25,1.099263476677703,8,21266926
6,sneakers,2,desk_lamp,r16_lr2e5_hw00_ew05,25,1.1291045740795485,1,21266927
6,sneakers,2,desk_lamp,r32_lr2e5_hw10_ew10,25,1.1377152417911445,4,21266927
6,sneakers,2,desk_lamp,r32_lr5e5_hw20_ew10,25,1.1238459895981228,4,21266927
6,sneakers,3,early_automobile,r16_lr2e5_hw00_ew05,25,1.3011778415503545,6,21266928
6,sneakers,3,early_automobile,r32_lr2e5_hw10_ew10,25,1.3249018337064993,1,21266928
6,sneakers,3,early_automobile,r32_lr5e5_hw20_ew10,25,1.309307532247251,4,21266928
6,sneakers,4,electric_kettle,r16_lr2e5_hw00_ew05,25,0.6491648374709074,8,21266929
6,sneakers,4,electric_kettle,r32_lr2e5_hw10_ew10,25,0.6498709034338098,6,21266929
6,sneakers,4,electric_kettle,r32_lr5e5_hw20_ew10,25,0.5829603898168151,6,21266929
6,sneakers,5,lounge_chair,r16_lr2e5_hw00_ew05,25,1.395072994836447,7,21266930
6,sneakers,5,lounge_chair,r32_lr2e5_hw10_ew10,25,1.3759548033050821,3,21266930
6,sneakers,5,lounge_chair,r32_lr5e5_hw20_ew10,25,1.3907522359595148,4,21266930
6,sneakers,6,sports_car,r16_lr2e5_hw00_ew05,25,0.9897557907310821,6,21266931
6,sneakers,6,sports_car,r32_lr2e5_hw10_ew10,25,0.9729286497387545,4,21266931
6,sneakers,6,sports_car,r32_lr5e5_hw20_ew10,25,0.9788260874798773,4,21266931
6,sneakers,7,vacuum_cleaner,r16_lr2e5_hw00_ew05,25,1.0527511280147428,6,21266932
6,sneakers,7,vacuum_cleaner,r32_lr2e5_hw10_ew10,25,1.0378887236505947,9,21266932
6,sneakers,7,vacuum_cleaner,r32_lr5e5_hw20_ew10,25,1.026353531746445,2,21266932
7,sports_car,1,broom,r16_lr2e5_hw00_ew05,25,1.1054745457666153,2,21267926
7,sports_car,1,broom,r32_lr2e5_hw10_ew10,25,1.098050179045093,1,21267926
7,sports_car,1,broom,r32_lr5e5_hw20_ew10,25,1.0985909684009298,2,21267926
7,sports_car,2,desk_lamp,r16_lr2e5_hw00_ew05,25,1.136224357778949,4,21267927
7,sports_car,2,desk_lamp,r32_lr2e5_hw10_ew10,25,1.1504406270999892,2,21267927
7,sports_car,2,desk_lamp,r32_lr5e5_hw20_ew10,25,1.145561397392091,2,21267927
7,sports_car,3,early_automobile,r16_lr2e5_hw00_ew05,25,1.3637406835164172,1,21267928
7,sports_car,3,early_automobile,r32_lr2e5_hw10_ew10,25,1.4618444845540313,1,21267928
7,sports_car,3,early_automobile,r32_lr5e5_hw20_ew10,25,1.3155266537812822,6,21267928
7,sports_car,4,electric_kettle,r16_lr2e5_hw00_ew05,25,0.5933119076996628,9,21267929
7,sports_car,4,electric_kettle,r32_lr2e5_hw10_ew10,25,0.6088675353035344,2,21267929
7,sports_car,4,electric_kettle,r32_lr5e5_hw20_ew10,25,0.6222980796975496,4,21267929
7,sports_car,5,lounge_chair,r16_lr2e5_hw00_ew05,25,1.4141040111935876,10,21267930
7,sports_car,5,lounge_chair,r32_lr2e5_hw10_ew10,25,1.4003025012198294,1,21267930
7,sports_car,5,lounge_chair,r32_lr5e5_hw20_ew10,25,1.412652243850965,2,21267930
7,sports_car,6,sneakers,r16_lr2e5_hw00_ew05,25,1.4010915966660857,5,21267931
7,sports_car,6,sneakers,r32_lr2e5_hw10_ew10,25,1.3876756275201731,3,21267931
7,sports_car,6,sneakers,r32_lr5e5_hw20_ew10,25,1.3419453734379372,5,21267931
7,sports_car,7,vacuum_cleaner,r16_lr2e5_hw00_ew05,25,1.0103734597396619,3,21267932
7,sports_car,7,vacuum_cleaner,r32_lr2e5_hw10_ew10,25,1.022076385981952,9,21267932
7,sports_car,7,vacuum_cleaner,r32_lr5e5_hw20_ew10,25,1.0283924421155302,1,21267932
8,vacuum_cleaner,1,broom,r16_lr2e5_hw00_ew05,25,1.137855079987391,9,21268926
8,vacuum_cleaner,1,broom,r32_lr2e5_hw10_ew10,25,1.125575889994114,5,21268926
8,vacuum_cleaner,1,broom,r32_lr5e5_hw20_ew10,25,1.0893104947696228,7,21268926
8,vacuum_cleaner,2,desk_lamp,r16_lr2e5_hw00_ew05,25,1.1409373725352292,5,21268927
8,vacuum_cleaner,2,desk_lamp,r32_lr2e5_hw10_ew10,25,1.1168864123171023,2,21268927
8,vacuum_cleaner,2,desk_lamp,r32_lr5e5_hw20_ew10,25,1.1246192674426398,2,21268927
8,vacuum_cleaner,3,early_automobile,r16_lr2e5_hw00_ew05,25,1.4014210347643448,1,21268928
8,vacuum_cleaner,3,early_automobile,r32_lr2e5_hw10_ew10,25,1.4639785477025737,4,21268928
8,vacuum_cleaner,3,early_automobile,r32_lr5e5_hw20_ew10,25,1.350875900963811,7,21268928
8,vacuum_cleaner,4,electric_kettle,r16_lr2e5_hw00_ew05,25,0.6405481201449778,4,21268929
8,vacuum_cleaner,4,electric_kettle,r32_lr2e5_hw10_ew10,25,0.6115455935808533,7,21268929
8,vacuum_cleaner,4,electric_kettle,r32_lr5e5_hw20_ew10,25,0.5892915792843959,3,21268929
8,vacuum_cleaner,5,lounge_chair,r16_lr2e5_hw00_ew05,25,1.462799884387246,3,21268930
8,vacuum_cleaner,5,lounge_chair,r32_lr2e5_hw10_ew10,25,1.3880067991062617,6,21268930
8,vacuum_cleaner,5,lounge_chair,r32_lr5e5_hw20_ew10,25,1.404778665858145,4,21268930
8,vacuum_cleaner,6,sneakers,r16_lr2e5_hw00_ew05,25,1.3839787390070193,2,21268931
8,vacuum_cleaner,6,sneakers,r32_lr2e5_hw10_ew10,25,1.369215315285271,4,21268931
8,vacuum_cleaner,6,sneakers,r32_lr5e5_hw20_ew10,25,1.398242879246826,5,21268931
8,vacuum_cleaner,7,sports_car,r16_lr2e5_hw00_ew05,25,0.9659025562050442,4,21268932
8,vacuum_cleaner,7,sports_car,r32_lr2e5_hw10_ew10,25,0.9541273935122712,7,21268932
8,vacuum_cleaner,7,sports_car,r32_lr5e5_hw20_ew10,25,0.9813273805132173,5,21268932
