image_id,category,category_supplied,category_omitted,changed
broom_001,broom,functionality,functionality,False
broom_002,broom,functionality,functionality,False
broom_003,broom,functionality,functionality,False
broom_004,broom,functionality,functionality,False
broom_005,broom,functionality,functionality,False
broom_006,broom,functionality,functionality,False
broom_007,broom,functionality,functionality,False
broom_008,broom,functionality,functionality,False
broom_009,broom,functionality,functionality,False
broom_010,broom,functionality,functionality,False
broom_011,broom,functionality,functionality,False
broom_012,broom,functionality,functionality,False
broom_013,broom,functionality,functionality,False
broom_014,broom,functionality,functionality,False
broom_015,broom,functionality,functionality,False
broom_016,broom,functionality,functionality,False
broom_017,broom,functionality,functionality,False
broom_018,broom,functionality,functionality,False
broom_019,broom,functionality,functionality,False
broom_020,broom,functionality,functionality,False
broom_021,broom,functionality,functionality,False
broom_022,broom,functionality,functionality,False
broom_023,broom,functionality,functionality,False
broom_024,broom,functionality,functionality,False
broom_025,broom,functionality,functionality,False
desk_lamp_001,desk_lamp,functionality,aesthetics,True
desk_lamp_002,desk_lamp,functionality,functionality,False
desk_lamp_003,desk_lamp,aesthetics,functionality,True
desk_lamp_004,desk_lamp,functionality,functionality,False
desk_lamp_005,desk_lamp,aesthetics,functionality,True
desk_lamp_006,desk_lamp,aesthetics,functionality,True
desk_lamp_007,desk_lamp,aesthetics,functionality,True
desk_lamp_008,desk_lamp,functionality,functionality,False
desk_lamp_009,desk_lamp,functionality,functionality,False
desk_lamp_010,desk_lamp,functionality,functionality,False
desk_lamp_011,desk_lamp,functionality,functionality,False
desk_lamp_012,desk_lamp,aesthetics,aesthetics,False
desk_lamp_013,desk_lamp,functionality,functionality,False
desk_lamp_014,desk_lamp,functionality,functionality,False
desk_lamp_015,desk_lamp,aesthetics,aesthetics,False
desk_lamp_016,desk_lamp,aesthetics,aesthetics,False
desk_lamp_017,desk_lamp,functionality,functionality,False
desk_lamp_018,desk_lamp,functionality,functionality,False
desk_lamp_019,desk_lamp,aesthetics,aesthetics,False
desk_lamp_020,desk_lamp,aesthetics,functionality,True
desk_lamp_021,desk_lamp,functionality,functionality,False
desk_lamp_022,desk_lamp,aesthetics,functionality,True
desk_lamp_023,desk_lamp,aesthetics,functionality,True
desk_lamp_024,desk_lamp,aesthetics,aesthetics,False
desk_lamp_025,desk_lamp,aesthetics,functionality,True
early_automobile_001,early_automobile,functionality,functionality,False
early_automobile_002,early_automobile,functionality,functionality,False
early_automobile_003,early_automobile,functionality,functionality,False
early_automobile_004,early_automobile,functionality,functionality,False
early_automobile_005,early_automobile,functionality,functionality,False
early_automobile_006,early_automobile,functionality,functionality,False
early_automobile_007,early_automobile,functionality,functionality,False
early_automobile_008,early_automobile,functionality,functionality,False
early_automobile_009,early_automobile,functionality,functionality,False
early_automobile_010,early_automobile,aesthetics,aesthetics,False
early_automobile_011,early_automobile,functionality,functionality,False
early_automobile_012,early_automobile,functionality,functionality,False
early_automobile_013,early_automobile,functionality,functionality,False
early_automobile_014,early_automobile,symbolism,symbolism,False
early_automobile_015,early_automobile,functionality,symbolism,True
early_automobile_016,early_automobile,functionality,functionality,False
early_automobile_017,early_automobile,functionality,functionality,False
early_automobile_018,early_automobile,functionality,functionality,False
early_automobile_019,early_automobile,functionality,functionality,False
early_automobile_020,early_automobile,functionality,functionality,False
early_automobile_021,early_automobile,functionality,functionality,False
early_automobile_022,early_automobile,functionality,functionality,False
early_automobile_023,early_automobile,functionality,symbolism,True
early_automobile_024,early_automobile,functionality,functionality,False
early_automobile_025,early_automobile,aesthetics,aesthetics,False
electric_kettle_001,electric_kettle,functionality,functionality,False
electric_kettle_002,electric_kettle,functionality,functionality,False
electric_kettle_003,electric_kettle,functionality,functionality,False
electric_kettle_004,electric_kettle,functionality,functionality,False
electric_kettle_005,electric_kettle,functionality,functionality,False
electric_kettle_006,electric_kettle,functionality,functionality,False
electric_kettle_007,electric_kettle,functionality,functionality,False
electric_kettle_008,electric_kettle,functionality,functionality,False
electric_kettle_009,electric_kettle,functionality,functionality,False
electric_kettle_010,electric_kettle,functionality,functionality,False
electric_kettle_011,electric_kettle,functionality,functionality,False
electric_kettle_012,electric_kettle,functionality,functionality,False
electric_kettle_013,electric_kettle,functionality,functionality,False
electric_kettle_014,electric_kettle,functionality,functionality,False
electric_kettle_015,electric_kettle,functionality,functionality,False
electric_kettle_016,electric_kettle,functionality,functionality,False
electric_kettle_017,electric_kettle,functionality,functionality,False
electric_kettle_018,electric_kettle,functionality,functionality,False
electric_kettle_019,electric_kettle,functionality,functionality,False
electric_kettle_020,electric_kettle,functionality,functionality,False
electric_kettle_021,electric_kettle,functionality,functionality,False
electric_kettle_022,electric_kettle,functionality,functionality,False
electric_kettle_023,electric_kettle,functionality,functionality,False
electric_kettle_024,electric_kettle,functionality,functionality,False
electric_kettle_025,electric_kettle,functionality,functionality,False
lounge_chair_001,lounge_chair,functionality,functionality,False
lounge_chair_002,lounge_chair,aesthetics,aesthetics,False
lounge_chair_003,lounge_chair,aesthetics,aesthetics,False
lounge_chair_004,lounge_chair,functionality,functionality,False
lounge_chair_005,lounge_chair,aesthetics,aesthetics,False
lounge_chair_006,lounge_chair,aesthetics,functionality,True
lounge_chair_007,lounge_chair,aesthetics,aesthetics,False
lounge_chair_008,lounge_chair,functionality,functionality,False
lounge_chair_009,lounge_chair,functionality,functionality,False
lounge_chair_010,lounge_chair,aesthetics,aesthetics,False
lounge_chair_011,lounge_chair,aesthetics,aesthetics,False
lounge_chair_012,lounge_chair,aesthetics,aesthetics,False
lounge_chair_013,lounge_chair,functionality,functionality,False
lounge_chair_014,lounge_chair,aesthetics,functionality,True
lounge_chair_015,lounge_chair,aesthetics,aesthetics,False
lounge_chair_016,lounge_chair,aesthetics,aesthetics,False
lounge_chair_017,lounge_chair,aesthetics,aesthetics,False
lounge_chair_018,lounge_chair,aesthetics,aesthetics,False
lounge_chair_019,lounge_chair,aesthetics,aesthetics,False
lounge_chair_020,lounge_chair,aesthetics,aesthetics,False
lounge_chair_021,lounge_chair,aesthetics,aesthetics,False
lounge_chair_022,lounge_chair,functionality,functionality,False
lounge_chair_023,lounge_chair,aesthetics,aesthetics,False
lounge_chair_024,lounge_chair,functionality,functionality,False
lounge_chair_025,lounge_chair,aesthetics,aesthetics,False
sneakers_001,sneakers,aesthetics,functionality,True
sneakers_002,sneakers,functionality,functionality,False
sneakers_003,sneakers,functionality,functionality,False
sneakers_004,sneakers,functionality,functionality,False
sneakers_005,sneakers,functionality,functionality,False
sneakers_006,sneakers,aesthetics,aesthetics,False
sneakers_007,sneakers,functionality,functionality,False
sneakers_008,sneakers,functionality,functionality,False
sneakers_009,sneakers,functionality,functionality,False
sneakers_010,sneakers,functionality,functionality,False
sneakers_011,sneakers,aesthetics,functionality,True
sneakers_012,sneakers,functionality,functionality,False
sneakers_013,sneakers,functionality,functionality,False
sneakers_014,sneakers,functionality,functionality,False
sneakers_015,sneakers,functionality,functionality,False
sneakers_016,sneakers,aesthetics,aesthetics,False
sneakers_017,sneakers,functionality,functionality,False
sneakers_018,sneakers,aesthetics,aesthetics,False
sneakers_019,sneakers,functionality,functionality,False
sneakers_020,sneakers,functionality,functionality,False
sneakers_021,sneakers,aesthetics,functionality,True
sneakers_022,sneakers,aesthetics,functionality,True
sneakers_023,sneakers,functionality,functionality,False
sneakers_024,sneakers,functionality,functionality,False
sneakers_025,sneakers,functionality,functionality,False
sports_car_001,sports_car,aesthetics,aesthetics,False
sports_car_002,sports_car,aesthetics,aesthetics,False
sports_car_003,sports_car,aesthetics,aesthetics,False
sports_car_004,sports_car,aesthetics,aesthetics,False
sports_car_005,sports_car,aesthetics,aesthetics,False
sports_car_006,sports_car,aesthetics,aesthetics,False
sports_car_007,sports_car,aesthetics,aesthetics,False
sports_car_008,sports_car,aesthetics,aesthetics,False
sports_car_009,sports_car,aesthetics,aesthetics,False
sports_car_010,sports_car,aesthetics,aesthetics,False
sports_car_011,sports_car,aesthetics,aesthetics,False
sports_car_012,sports_car,aesthetics,aesthetics,False
sports_car_013,sports_car,aesthetics,aesthetics,False
sports_car_014,sports_car,aesthetics,aesthetics,False
sports_car_015,sports_car,aesthetics,aesthetics,False
sports_car_016,sports_car,aesthetics,aesthetics,False
sports_car_017,sports_car,aesthetics,aesthetics,False
sports_car_018,sports_car,aesthetics,aesthetics,False
sports_car_019,sports_car,aesthetics,aesthetics,False
sports_car_020,sports_car,aesthetics,aesthetics,False
sports_car_021,sports_car,aesthetics,aesthetics,False
sports_car_022,sports_car,aesthetics,aesthetics,False
sports_car_023,sports_car,aesthetics,aesthetics,False
sports_car_024,sports_car,aesthetics,aesthetics,False
sports_car_025,sports_car,aesthetics,aesthetics,False
vacuum_cleaner_001,vacuum_cleaner,functionality,functionality,False
vacuum_cleaner_002,vacuum_cleaner,functionality,functionality,False
vacuum_cleaner_003,vacuum_cleaner,functionality,functionality,False
vacuum_cleaner_004,vacuum_cleaner,functionality,functionality,False
vacuum_cleaner_005,vacuum_cleaner,functionality,functionality,False
vacuum_cleaner_006,vacuum_cleaner,functionality,functionality,False
vacuum_cleaner_007,vacuum_cleaner,functionality,functionality,False
vacuum_cleaner_008,vacuum_cleaner,functionality,functionality,False
vacuum_cleaner_009,vacuum_cleaner,functionality,functionality,False
vacuum_cleaner_010,vacuum_cleaner,functionality,functionality,False
vacuum_cleaner_011,vacuum_cleaner,functionality,functionality,False
vacuum_cleaner_012,vacuum_cleaner,functionality,functionality,False
vacuum_cleaner_013,vacuum_cleaner,functionality,functionality,False
vacuum_cleaner_014,vacuum_cleaner,functionality,functionality,False
vacuum_cleaner_015,vacuum_cleaner,functionality,functionality,False
vacuum_cleaner_016,vacuum_cleaner,functionality,functionality,False
vacuum_cleaner_017,vacuum_cleaner,functionality,functionality,False
vacuum_cleaner_018,vacuum_cleaner,functionality,functionality,False
vacuum_cleaner_019,vacuum_cleaner,functionality,functionality,False
vacuum_cleaner_020,vacuum_cleaner,functionality,functionality,False
vacuum_cleaner_021,vacuum_cleaner,functionality,functionality,False
vacuum_cleaner_022,vacuum_cleaner,functionality,functionality,False
vacuum_cleaner_023,vacuum_cleaner,functionality,functionality,False
vacuum_cleaner_024,vacuum_cleaner,functionality,functionality,False
vacuum_cleaner_025,vacuum_cleaner,functionality,functionality,False
