comparison,metric,difference,ci95_low,ci95_high,bootstrap_replicates
soft_target - majority_target,tie_aware_accuracy,0.025000000000000022,-0.020000000000000018,0.06999999999999995,5000
soft_target - majority_target,hass,0.008666666666666711,-0.013333333333333254,0.03050416666666663,5000
soft_target - majority_target,brier_sum,-0.15788936829734396,-0.1802101372315455,-0.1367974934486631,5000
soft_target - majority_target,cross_entropy_nats,-0.792132006420011,-0.868173886685089,-0.719724158861165,5000
soft_target - majority_target,jsd_bits,-0.09499048944772676,-0.10801845220337042,-0.0822255808327358,5000
soft_target - global_soft_prior,tie_aware_accuracy,0.09000000000000008,0.04499999999999993,0.135,5000
soft_target - global_soft_prior,hass,0.05500000000000005,0.037829166666666615,0.0718333333333333,5000
soft_target - global_soft_prior,brier_sum,-0.13836989666101424,-0.15223162880560853,-0.12465744788588841,5000
soft_target - global_soft_prior,cross_entropy_nats,-0.3418686796395727,-0.3791059792563997,-0.3048769291322344,5000
soft_target - global_soft_prior,jsd_bits,-0.11725405757035046,-0.12731408553642706,-0.10737146405728745,5000
majority_target - global_soft_prior,tie_aware_accuracy,0.06500000000000006,0.015000000000000013,0.11499999999999999,5000
majority_target - global_soft_prior,hass,0.04633333333333334,0.02699999999999997,0.06550416666666661,5000
majority_target - global_soft_prior,brier_sum,0.01951947163632972,-0.0067115443625851545,0.047331685184817666,5000
majority_target - global_soft_prior,cross_entropy_nats,0.45026332678043834,0.35877764213366375,0.5481105084385314,5000
majority_target - global_soft_prior,jsd_bits,-0.0222635681226237,-0.03910004124754061,-0.0047965066530618605,5000
