category,predictor,n_images,tie_aware_accuracy,hass,brier_sum,cross_entropy_nats,jsd_bits
broom,soft_target,25,0.8,0.6239999999999999,0.09452803933930427,1.1332118333653143,0.1129700215255662
broom,majority_target,25,0.88,0.64,0.21056438298954788,2.1768833757753487,0.1869088309401993
broom,global_soft_prior,25,0.8,0.6186666666666666,0.20229396825396825,1.4403752140752255,0.21846234316181368
desk_lamp,soft_target,25,0.66,0.5266666666666666,0.06661318546632437,1.128981833164043,0.06783906268365364
desk_lamp,majority_target,25,0.66,0.5266666666666666,0.39218801394566216,2.631494248591129,0.2749036407101372
desk_lamp,global_soft_prior,25,0.66,0.5266666666666666,0.12875317460317456,1.2814580488646201,0.1333308594247973
early_automobile,soft_target,25,0.0,0.20933333333333334,0.37098650923956406,1.4800027589520997,0.22840985050064536
early_automobile,majority_target,25,0.0,0.20933333333333334,0.8257870464452481,2.7185160591371704,0.4577063011622176
early_automobile,global_soft_prior,25,0.0,0.2173333333333333,0.5101487301587301,2.1660503318097737,0.381645812842987
electric_kettle,soft_target,25,1.0,0.8506666666666668,0.03440498225493783,0.6153142883301485,0.0776144288196558
electric_kettle,majority_target,25,1.0,0.8506666666666668,0.048779312842770206,1.1091376035470046,0.07670995862112104
electric_kettle,global_soft_prior,25,1.0,0.8506666666666668,0.2770415646258504,1.0289460190207427,0.25383843149178853
lounge_chair,soft_target,25,0.44,0.3613333333333334,0.11045826198894408,1.3988799978610595,0.10597416878195468
lounge_chair,majority_target,25,0.28,0.30933333333333335,0.17843856610408898,1.8096715730202013,0.14464832013935633
lounge_chair,global_soft_prior,25,0.4,0.3613333333333334,0.15135238095238093,1.510895887897361,0.16029235788692053
sneakers,soft_target,25,0.4,0.37199999999999994,0.17337683371791354,1.4672016765144391,0.14150478192449042
sneakers,majority_target,25,0.04,0.192,0.4261651457075372,2.3383208466070173,0.32656485258143564
sneakers,global_soft_prior,25,0.44,0.37866666666666665,0.1745160090702948,1.5226812407423378,0.15929425444949274
sports_car,soft_target,25,0.76,0.5453333333333332,0.1731260775295541,1.1601714944956605,0.13891477961608975
sports_car,majority_target,25,0.96,0.6893333333333334,0.09942936770778985,1.2415646062913865,0.10976484273586248
sports_car,global_soft_prior,25,0.0,0.09333333333333334,0.5764345351473922,1.9519152100480386,0.39176058873852293
vacuum_cleaner,soft_target,25,0.92,0.6573333333333332,0.05704006642704448,1.029885603208352,0.07335897349113271
vacuum_cleaner,majority_target,25,0.96,0.66,0.16229706659969392,1.725117224281948,0.12930323603467314
vacuum_cleaner,global_soft_prior,25,0.96,0.66,0.16695276643990925,1.2462769705495984,0.1859938799096697
