fold,split,n_images,sha256
1,train,120,1b87b67f3dcc1411f64fa455257dc6aca6216315bccce611461ec2e6fe3698df
1,val,40,cbd2dc1a73b775d7c61aec828421de6e8b001f2a4cf573843bafee08bf163860
1,test,40,fc1c4f012480b4be18edbf4075a28201c864aa86656308544a05f986cdd6579a
2,train,120,9138c482ed0a4e0b9f15cbf7e429729f9043300a4e3d34d71de40c58c911a73d
2,val,40,d64b3ed8bdc7c97f8800205f6cbe3378874143acb900368461442ca30122c513
2,test,40,cbd2dc1a73b775d7c61aec828421de6e8b001f2a4cf573843bafee08bf163860
3,train,120,9b88ca0e698de7cbdc0a521c7c431c5dcb98d3ce5efa03b7d20442b549edba81
3,val,40,5f3ae68986a0e4c8e87a0fa8925cf75993eba6841094be142a1822cba1763c79
3,test,40,d64b3ed8bdc7c97f8800205f6cbe3378874143acb900368461442ca30122c513
4,train,120,a0efd02e2dafd282173fdb54aba2a9f830117a54c8ea3ab5f805234d5ce6971a
4,val,40,bd31d46d2fbb9df3733a1ad4a2aa289f35c89f75b62b41a205e4ad1c4bd2adae
4,test,40,5f3ae68986a0e4c8e87a0fa8925cf75993eba6841094be142a1822cba1763c79
5,train,120,eb833d11ea4a84bfda4aaf9dab15fb0f549af0d398a23858ead3db20d2298bbe
5,val,40,fc1c4f012480b4be18edbf4075a28201c864aa86656308544a05f986cdd6579a
5,test,40,bd31d46d2fbb9df3733a1ad4a2aa289f35c89f75b62b41a205e4ad1c4bd2adae
