fold,image_id,category,target_design_intent,pred_design_intent,human_p_functionality,pred_p_functionality,human_p_aesthetics,pred_p_aesthetics,human_p_usability,pred_p_usability,human_p_symbolism,pred_p_symbolism,human_p_unclear,pred_p_unclear
1,broom_002,broom,usability,functionality,0.3,0.7400937080383301,0.0,0.011287367902696133,0.5,0.07880770415067673,0.13333333333333333,0.09602772444486618,0.06666666666666667,0.07378347218036652
1,broom_001,broom,functionality,functionality,0.8666666666666667,0.8971578478813171,0.0,0.002387959510087967,0.06666666666666667,0.06434205174446106,0.06666666666666667,0.033296696841716766,0.0,0.002815467771142721
1,broom_014,broom,functionality,functionality,0.8,0.6924362182617188,0.0,0.026559311896562576,0.06666666666666667,0.10249645262956619,0.06666666666666667,0.1094757616519928,0.06666666666666667,0.06903233379125595
1,broom_006,broom,functionality,functionality,0.7333333333333333,0.9027454853057861,0.0,0.0043471809476614,0.16666666666666666,0.05675088241696358,0.1,0.033504072576761246,0.0,0.0026523915585130453
1,broom_019,broom,functionality,functionality,0.5666666666666667,0.7581114768981934,0.0,0.036618661135435104,0.43333333333333335,0.14604920148849487,0.0,0.04765845462679863,0.0,0.011562155559659004
1,desk_lamp_019,desk_lamp,functionality,functionality,0.4,0.6773601770401001,0.4,0.1590062379837036,0.13333333333333333,0.12217337638139725,0.06666666666666667,0.034946125000715256,0.0,0.006514189299196005
1,desk_lamp_022,desk_lamp,aesthetics,functionality,0.3333333333333333,0.6317821145057678,0.5333333333333333,0.22019995748996735,0.0,0.11395249515771866,0.06666666666666667,0.025044292211532593,0.06666666666666667,0.009021187201142311
1,desk_lamp_013,desk_lamp,functionality,functionality,0.8666666666666667,0.8563456535339355,0.0,0.031782012432813644,0.06666666666666667,0.08537326008081436,0.06666666666666667,0.023628681898117065,0.0,0.00287038367241621
1,desk_lamp_003,desk_lamp,functionality,functionality,0.7,0.6808182597160339,0.23333333333333334,0.20799973607063293,0.0,0.0883367657661438,0.06666666666666667,0.020064610987901688,0.0,0.002780674723908305
1,desk_lamp_010,desk_lamp,functionality,functionality,0.5666666666666667,0.6491686105728149,0.23333333333333334,0.1856861412525177,0.13333333333333333,0.1335773468017578,0.0,0.02489970065653324,0.06666666666666667,0.006668178364634514
1,early_automobile_014,early_automobile,symbolism,symbolism,0.06666666666666667,0.15187634527683258,0.0,0.0302385613322258,0.06666666666666667,0.06889345496892929,0.8666666666666667,0.7380993962287903,0.0,0.010892210528254509
1,early_automobile_024,early_automobile,symbolism,symbolism,0.23333333333333334,0.1748836487531662,0.0,0.022691285237669945,0.0,0.05002317205071449,0.7666666666666667,0.7449973225593567,0.0,0.0074045732617378235
1,early_automobile_005,early_automobile,symbolism,symbolism,0.23333333333333334,0.1247367113828659,0.06666666666666667,0.015660272911190987,0.0,0.06043539196252823,0.7,0.7889620065689087,0.0,0.010205605067312717
1,early_automobile_013,early_automobile,symbolism,symbolism,0.3,0.13027308881282806,0.0,0.008463823236525059,0.0,0.0821465328335762,0.6333333333333333,0.771449089050293,0.06666666666666667,0.007667479570955038
1,early_automobile_010,early_automobile,symbolism,symbolism,0.3333333333333333,0.18063563108444214,0.13333333333333333,0.11390373110771179,0.0,0.06724546104669571,0.5333333333333333,0.6315111517906189,0.0,0.006704026833176613
1,electric_kettle_001,electric_kettle,functionality,functionality,0.9333333333333333,0.9111253619194031,0.0,0.0050054024904966354,0.06666666666666667,0.07454568892717361,0.0,0.008478398434817791,0.0,0.0008452523616142571
1,electric_kettle_019,electric_kettle,functionality,functionality,0.9333333333333333,0.8837544918060303,0.0,0.006318733561784029,0.0,0.10051321238279343,0.06666666666666667,0.008783688768744469,0.0,0.0006299449014477432
1,electric_kettle_009,electric_kettle,functionality,functionality,0.8666666666666667,0.8577196598052979,0.0,0.012247350998222828,0.0,0.11886796355247498,0.13333333333333333,0.009725443087518215,0.0,0.0014395882608368993
1,electric_kettle_020,electric_kettle,functionality,functionality,0.8666666666666667,0.9257205128669739,0.0,0.003539889818057418,0.13333333333333333,0.06215790659189224,0.0,0.007803723216056824,0.0,0.0007779907318763435
1,electric_kettle_007,electric_kettle,functionality,functionality,0.7333333333333333,0.8416401743888855,0.0,0.013710135594010353,0.26666666666666666,0.13306525349617004,0.0,0.010534265078604221,0.0,0.001050212187692523
1,lounge_chair_018,lounge_chair,functionality,functionality,0.43333333333333335,0.4830038547515869,0.13333333333333333,0.1475646048784256,0.43333333333333335,0.3045685887336731,0.0,0.032431505620479584,0.0,0.032431505620479584
1,lounge_chair_010,lounge_chair,aesthetics,usability,0.23333333333333334,0.26084959506988525,0.4666666666666667,0.2786117494106293,0.23333333333333334,0.4136715531349182,0.06666666666666667,0.033845432102680206,0.0,0.013021600432693958
1,lounge_chair_004,lounge_chair,usability,functionality,0.13333333333333333,0.3952814042568207,0.2,0.3243981897830963,0.6,0.23336286842823029,0.06666666666666667,0.04072714224457741,0.0,0.006230417173355818
1,lounge_chair_021,lounge_chair,usability,functionality,0.36666666666666664,0.3999221920967102,0.23333333333333334,0.25217965245246887,0.4,0.287692666053772,0.0,0.050208933651447296,0.0,0.009996586479246616
1,lounge_chair_012,lounge_chair,functionality,functionality,0.4666666666666667,0.5121329426765442,0.2,0.12022003531455994,0.26666666666666666,0.3449264466762543,0.06666666666666667,0.017795303836464882,0.0,0.004925190936774015
1,sneakers_013,sneakers,unclear,usability,0.23333333333333334,0.2453753501176834,0.0,0.0472712516784668,0.3,0.474159836769104,0.0,0.13562718033790588,0.4666666666666667,0.09756635129451752
1,sneakers_005,sneakers,functionality,functionality,0.6,0.6679976582527161,0.06666666666666667,0.04790722206234932,0.06666666666666667,0.17889072000980377,0.06666666666666667,0.07597426325082779,0.2,0.029230130836367607
1,sneakers_007,sneakers,functionality,functionality,0.4,0.7569836378097534,0.2,0.057985808700323105,0.26666666666666666,0.13653481006622314,0.13333333333333333,0.036564216017723083,0.0,0.01193156000226736
1,sneakers_003,sneakers,usability,usability,0.2,0.32502293586730957,0.13333333333333333,0.017329959198832512,0.6,0.5880282521247864,0.06666666666666667,0.06687892973423004,0.0,0.0027399063110351562
1,sneakers_006,sneakers,usability,usability,0.13333333333333333,0.18124248087406158,0.23333333333333334,0.1142863929271698,0.5,0.5554165244102478,0.13333333333333333,0.13038058578968048,0.0,0.018673989921808243
1,sports_car_003,sports_car,aesthetics,aesthetics,0.0,0.08936306834220886,0.9333333333333333,0.7356265783309937,0.0,0.031146442517638206,0.06666666666666667,0.12422380596399307,0.0,0.019640067592263222
1,sports_car_024,sports_car,aesthetics,aesthetics,0.06666666666666667,0.06901797652244568,0.8,0.7897837162017822,0.0,0.022521791979670525,0.13333333333333333,0.10247503966093063,0.0,0.01620153896510601
1,sports_car_016,sports_car,aesthetics,aesthetics,0.16666666666666666,0.08529751747846603,0.7666666666666667,0.7499723434448242,0.0,0.031753841787576675,0.06666666666666667,0.11857225745916367,0.0,0.014404026791453362
1,sports_car_012,sports_car,aesthetics,aesthetics,0.13333333333333333,0.07308739423751831,0.6666666666666666,0.7331116199493408,0.0,0.035411108285188675,0.2,0.14123301208019257,0.0,0.017156824469566345
1,sports_car_019,sports_car,aesthetics,aesthetics,0.06666666666666667,0.08684365451335907,0.6333333333333333,0.7148870229721069,0.16666666666666666,0.04494116082787514,0.13333333333333333,0.14710001647472382,0.0,0.006228217855095863
1,vacuum_cleaner_025,vacuum_cleaner,symbolism,functionality,0.13333333333333333,0.7245308756828308,0.06666666666666667,0.007949067279696465,0.0,0.039925046265125275,0.5333333333333333,0.13957993686199188,0.26666666666666666,0.08801517635583878
1,vacuum_cleaner_019,vacuum_cleaner,functionality,functionality,0.8666666666666667,0.8796230554580688,0.0,0.004832342732697725,0.13333333333333333,0.10004333406686783,0.0,0.014328869059681892,0.0,0.0011723481584340334
1,vacuum_cleaner_015,vacuum_cleaner,functionality,functionality,0.7333333333333333,0.7730504870414734,0.06666666666666667,0.011407997459173203,0.2,0.19382575154304504,0.0,0.019970495253801346,0.0,0.0017451895400881767
1,vacuum_cleaner_006,vacuum_cleaner,functionality,functionality,0.6666666666666666,0.8450489044189453,0.0,0.012470480985939503,0.06666666666666667,0.12508650124073029,0.06666666666666667,0.016230084002017975,0.2,0.001163982436992228
1,vacuum_cleaner_011,vacuum_cleaner,functionality,functionality,0.5,0.8442896008491516,0.0,0.00644762022420764,0.06666666666666667,0.1334841251373291,0.13333333333333333,0.014689816161990166,0.3,0.0010887967655435205
2,broom_005,broom,unclear,unclear,0.23333333333333334,0.15470251441001892,0.06666666666666667,0.015695590525865555,0.0,0.013162472285330296,0.06666666666666667,0.03526967391371727,0.6333333333333333,0.7811697125434875
2,broom_007,broom,functionality,functionality,0.8666666666666667,0.8047239780426025,0.0,0.02381480112671852,0.13333333333333333,0.11207760870456696,0.0,0.051663413643836975,0.0,0.007720246445387602
2,broom_004,broom,functionality,functionality,0.7666666666666667,0.8339535593986511,0.0,0.009882205165922642,0.16666666666666666,0.08764150738716125,0.06666666666666667,0.04990015923976898,0.0,0.018622495234012604
2,broom_024,broom,functionality,functionality,0.7,0.843894898891449,0.0,0.03084726072847843,0.23333333333333334,0.05813003331422806,0.06666666666666667,0.05813003331422806,0.0,0.00899780634790659
2,broom_021,broom,functionality,functionality,0.5666666666666667,0.6259328722953796,0.0,0.041624780744314194,0.06666666666666667,0.123959481716156,0.3,0.06578028202056885,0.06666666666666667,0.1427026093006134
2,desk_lamp_015,desk_lamp,aesthetics,aesthetics,0.23333333333333334,0.3373301327228546,0.6333333333333333,0.552188515663147,0.0,0.03079437091946602,0.06666666666666667,0.058030370622873306,0.06666666666666667,0.02165665104985237
2,desk_lamp_023,desk_lamp,aesthetics,functionality,0.36666666666666664,0.4279506504535675,0.5,0.3988577127456665,0.13333333333333333,0.06861479580402374,0.0,0.05960271134972572,0.0,0.044974055141210556
2,desk_lamp_018,desk_lamp,functionality,functionality,0.8,0.865287184715271,0.06666666666666667,0.04497472941875458,0.13333333333333333,0.04825526103377342,0.0,0.036411676555871964,0.0,0.005071224179118872
2,desk_lamp_004,desk_lamp,functionality,functionality,0.7,0.6231133937835693,0.06666666666666667,0.26770421862602234,0.23333333333333334,0.06548397988080978,0.0,0.037284400314092636,0.0,0.0064139761961996555
2,desk_lamp_005,desk_lamp,functionality,functionality,0.5333333333333333,0.643682062625885,0.26666666666666666,0.25774097442626953,0.13333333333333333,0.0725797489285469,0.06666666666666667,0.021170714870095253,0.0,0.004826581571251154
2,early_automobile_023,early_automobile,symbolism,symbolism,0.13333333333333333,0.14194843173027039,0.0,0.028111403807997704,0.0,0.052974455058574677,0.8666666666666667,0.7690494656562805,0.0,0.0079161636531353
2,early_automobile_007,early_automobile,symbolism,symbolism,0.13333333333333333,0.21571169793605804,0.13333333333333333,0.07502976059913635,0.0,0.0322345569729805,0.7333333333333333,0.6654102802276611,0.0,0.011613680049777031
2,early_automobile_011,early_automobile,symbolism,symbolism,0.23333333333333334,0.23804333806037903,0.06666666666666667,0.02684108540415764,0.0,0.04393714666366577,0.7,0.6843774914741516,0.0,0.006800927221775055
2,early_automobile_020,early_automobile,symbolism,symbolism,0.16666666666666666,0.20507794618606567,0.13333333333333333,0.07133115082979202,0.06666666666666667,0.037852559238672256,0.6333333333333333,0.6787515878677368,0.0,0.006986687891185284
2,early_automobile_008,early_automobile,symbolism,symbolism,0.3,0.23877686262130737,0.13333333333333333,0.03568126633763313,0.06666666666666667,0.027888448908925056,0.5,0.6864864230155945,0.0,0.011166996322572231
2,electric_kettle_004,electric_kettle,functionality,functionality,0.9333333333333333,0.9202742576599121,0.0,0.012119743973016739,0.0,0.05506521463394165,0.06666666666666667,0.01052789855748415,0.0,0.002012822777032852
2,electric_kettle_023,electric_kettle,functionality,functionality,0.9333333333333333,0.9175717830657959,0.0,0.006412571296095848,0.06666666666666667,0.0632050633430481,0.0,0.010873066261410713,0.0,0.0019374936819076538
2,electric_kettle_012,electric_kettle,functionality,functionality,0.8666666666666667,0.9034988284111023,0.0,0.01691935583949089,0.06666666666666667,0.06677531450986862,0.06666666666666667,0.011089910753071308,0.0,0.0017165803583338857
2,electric_kettle_021,electric_kettle,functionality,functionality,0.8666666666666667,0.9085804224014282,0.0,0.024193551391363144,0.06666666666666667,0.05066963657736778,0.06666666666666667,0.014268547296524048,0.0,0.0022877254523336887
2,electric_kettle_018,electric_kettle,functionality,functionality,0.7333333333333333,0.8572964668273926,0.0,0.03870678320527077,0.26666666666666666,0.07826124876737595,0.0,0.014445184729993343,0.0,0.011290344409644604
2,lounge_chair_008,lounge_chair,unclear,functionality,0.2,0.5539055466651917,0.1,0.0771450474858284,0.13333333333333333,0.3383793830871582,0.16666666666666666,0.02683291956782341,0.4,0.003737146034836769
2,lounge_chair_016,lounge_chair,aesthetics,usability,0.3,0.30545055866241455,0.4,0.2653314769268036,0.23333333333333334,0.4048041105270386,0.06666666666666667,0.021040361374616623,0.0,0.0033734736498445272
2,lounge_chair_015,lounge_chair,usability,functionality,0.4666666666666667,0.4237159490585327,0.0,0.2588466703891754,0.5333333333333333,0.2979852259159088,0.0,0.01604318991303444,0.0,0.0034089365508407354
2,lounge_chair_022,lounge_chair,functionality,functionality,0.6333333333333333,0.4983481168746948,0.0,0.1505708545446396,0.3,0.3044392168521881,0.0,0.022500330582261086,0.06666666666666667,0.024141531437635422
2,lounge_chair_014,lounge_chair,functionality,aesthetics,0.4666666666666667,0.34794652462005615,0.3,0.3733263313770294,0.23333333333333334,0.2446991503238678,0.0,0.029604151844978333,0.0,0.004423854406923056
2,sneakers_011,sneakers,aesthetics,functionality,0.4,0.3643178641796112,0.43333333333333335,0.3164668679237366,0.0,0.2749011218547821,0.16666666666666666,0.03099706396460533,0.0,0.013317069970071316
2,sneakers_024,sneakers,functionality,functionality,0.6,0.5856717228889465,0.13333333333333333,0.17695480585098267,0.26666666666666666,0.17695480585098267,0.0,0.049830447882413864,0.0,0.010588211938738823
2,sneakers_017,sneakers,functionality,functionality,0.4,0.4403707683086395,0.36666666666666664,0.26902130246162415,0.16666666666666666,0.2507324814796448,0.06666666666666667,0.027293987572193146,0.0,0.01258145458996296
2,sneakers_014,sneakers,usability,usability,0.3333333333333333,0.29149770736694336,0.0,0.03404608741402626,0.6,0.6323700547218323,0.06666666666666667,0.03404608741402626,0.0,0.00804006215184927
2,sneakers_009,sneakers,usability,usability,0.36666666666666664,0.3576124608516693,0.0,0.043264612555503845,0.5,0.5455930233001709,0.13333333333333333,0.04176810383796692,0.0,0.011761881411075592
2,sports_car_011,sports_car,aesthetics,aesthetics,0.0,0.08555483818054199,0.9333333333333333,0.8140971064567566,0.0,0.031928651034832,0.06666666666666667,0.06455660611391068,0.0,0.0038627865724265575
2,sports_car_002,sports_car,aesthetics,aesthetics,0.0,0.0755024254322052,0.7666666666666667,0.7708484530448914,0.0,0.02447625994682312,0.23333333333333334,0.1235927864909172,0.0,0.005580192897468805
2,sports_car_025,sports_car,aesthetics,aesthetics,0.06666666666666667,0.08517329394817352,0.7333333333333333,0.8104672431945801,0.06666666666666667,0.01465222705155611,0.13333333333333333,0.07398635894060135,0.0,0.01572098210453987
2,sports_car_020,sports_car,aesthetics,aesthetics,0.06666666666666667,0.05640869960188866,0.6666666666666666,0.878637969493866,0.0,0.007584560662508011,0.2,0.04256397485733032,0.06666666666666667,0.014804783277213573
2,sports_car_017,sports_car,aesthetics,aesthetics,0.2,0.08045021444559097,0.6,0.8213625550270081,0.0,0.013839722611010075,0.2,0.08045021444559097,0.0,0.0038972601760178804
2,vacuum_cleaner_002,vacuum_cleaner,functionality,functionality,0.9333333333333333,0.8180236220359802,0.0,0.045619428157806396,0.06666666666666667,0.06486789882183075,0.0,0.03323210030794144,0.0,0.038256917148828506
2,vacuum_cleaner_004,vacuum_cleaner,functionality,functionality,0.8,0.8778464794158936,0.06666666666666667,0.01479144673794508,0.06666666666666667,0.06487935781478882,0.0,0.024212682619690895,0.06666666666666667,0.01826999895274639
2,vacuum_cleaner_017,vacuum_cleaner,functionality,functionality,0.7333333333333333,0.8887853026390076,0.0,0.015512327663600445,0.13333333333333333,0.057060159742832184,0.13333333333333333,0.023666448891162872,0.0,0.01497576292604208
2,vacuum_cleaner_022,vacuum_cleaner,functionality,functionality,0.6333333333333333,0.8022162318229675,0.03333333333333333,0.02830946259200573,0.06666666666666667,0.10413283109664917,0.06666666666666667,0.0349670946598053,0.2,0.030374400317668915
2,vacuum_cleaner_018,vacuum_cleaner,functionality,functionality,0.5,0.5621461272239685,0.0,0.008522707037627697,0.43333333333333335,0.3684626817703247,0.0,0.033636413514614105,0.06666666666666667,0.02723211981356144
3,broom_011,broom,unclear,functionality,0.13333333333333333,0.4460538923740387,0.0,0.019464464858174324,0.06666666666666667,0.14194834232330322,0.2,0.09476055204868317,0.6,0.2977727949619293
3,broom_017,broom,functionality,functionality,0.8666666666666667,0.6966553926467896,0.0,0.016032235696911812,0.13333333333333333,0.11304634809494019,0.0,0.0987996757030487,0.0,0.07546643912792206
3,broom_008,broom,functionality,functionality,0.7666666666666667,0.7607288956642151,0.0,0.007801910862326622,0.16666666666666666,0.08240731805562973,0.0,0.07202199101448059,0.06666666666666667,0.07703985273838043
3,broom_012,broom,functionality,functionality,0.6666666666666666,0.4481446444988251,0.0,0.018908105790615082,0.26666666666666666,0.08900362998247147,0.0,0.07778701931238174,0.06666666666666667,0.36615657806396484
3,broom_023,broom,functionality,functionality,0.5666666666666667,0.4695059359073639,0.0,0.0204878319054842,0.0,0.09324608743190765,0.06666666666666667,0.08149482309818268,0.36666666666666664,0.3352653384208679
3,desk_lamp_001,desk_lamp,aesthetics,functionality,0.2,0.47270458936691284,0.5666666666666667,0.2950100302696228,0.13333333333333333,0.1406313180923462,0.0,0.07170966267585754,0.1,0.019944338127970695
3,desk_lamp_020,desk_lamp,aesthetics,functionality,0.23333333333333334,0.4564533233642578,0.4666666666666667,0.3729451894760132,0.23333333333333334,0.1186828538775444,0.06666666666666667,0.039062127470970154,0.0,0.012856525368988514
3,desk_lamp_007,desk_lamp,functionality,functionality,0.7666666666666667,0.6349443197250366,0.16666666666666666,0.23119542002677917,0.06666666666666667,0.09004790335893631,0.0,0.03751610964536667,0.0,0.006296243984252214
3,desk_lamp_017,desk_lamp,functionality,functionality,0.7,0.6337106823921204,0.16666666666666666,0.23074623942375183,0.13333333333333333,0.08987285941839218,0.0,0.03744322061538696,0.0,0.008226945996284485
3,desk_lamp_012,desk_lamp,functionality,aesthetics,0.5333333333333333,0.33025306463241577,0.4666666666666667,0.4947088062763214,0.0,0.07015960663557053,0.0,0.09185204654932022,0.0,0.01302646566182375
3,early_automobile_003,early_automobile,symbolism,symbolism,0.23333333333333334,0.16432717442512512,0.0,0.015042474493384361,0.0,0.0399438813328743,0.7666666666666667,0.7735157608985901,0.0,0.007170749828219414
3,early_automobile_016,early_automobile,symbolism,symbolism,0.2,0.10917209088802338,0.0,0.03975166007876396,0.06666666666666667,0.020269861444830894,0.7333333333333333,0.8234257102012634,0.0,0.007380647584795952
3,early_automobile_019,early_automobile,symbolism,symbolism,0.13333333333333333,0.21362735331058502,0.0,0.01444241777062416,0.0,0.026478519663214684,0.7,0.718066394329071,0.16666666666666666,0.027385374531149864
3,early_automobile_015,early_automobile,symbolism,symbolism,0.26666666666666666,0.1093505322933197,0.06666666666666667,0.042590703815221786,0.06666666666666667,0.018352042883634567,0.6,0.8247715830802917,0.0,0.004935158882290125
3,early_automobile_012,early_automobile,symbolism,symbolism,0.43333333333333335,0.11756154149770737,0.06666666666666667,0.028576310724020004,0.0,0.016120469197630882,0.5,0.8289489150047302,0.0,0.00879273097962141
3,electric_kettle_008,electric_kettle,functionality,functionality,0.9333333333333333,0.9188724160194397,0.0,0.0036704575177282095,0.06666666666666667,0.05075591802597046,0.0,0.017277462407946587,0.0,0.009423800744116306
3,electric_kettle_024,electric_kettle,functionality,functionality,0.9333333333333333,0.8830324411392212,0.0,0.005464737303555012,0.06666666666666667,0.07306523621082306,0.0,0.024871623143553734,0.0,0.013565944507718086
3,electric_kettle_013,electric_kettle,functionality,functionality,0.8666666666666667,0.8904361724853516,0.0,0.006975445430725813,0.06666666666666667,0.07367785274982452,0.06666666666666667,0.021193576976656914,0.0,0.007716985419392586
3,electric_kettle_022,electric_kettle,functionality,functionality,0.8666666666666667,0.9085096120834351,0.0,0.006220104172825813,0.13333333333333333,0.053679849952459335,0.0,0.021623726934194565,0.0,0.009966684505343437
3,electric_kettle_002,electric_kettle,functionality,functionality,0.7,0.8651298880577087,0.06666666666666667,0.010859341360628605,0.23333333333333334,0.10024619102478027,0.0,0.016266947612166405,0.0,0.007497667800635099
3,lounge_chair_011,lounge_chair,functionality,functionality,0.4,0.41295334696769714,0.2,0.22524072229862213,0.4,0.315427303314209,0.0,0.03654984012246132,0.0,0.009828834794461727
3,lounge_chair_017,lounge_chair,aesthetics,functionality,0.3,0.36970973014831543,0.4,0.2640027403831482,0.23333333333333334,0.30207133293151855,0.0,0.040049467235803604,0.06666666666666667,0.024166755378246307
3,lounge_chair_023,lounge_chair,usability,functionality,0.26666666666666666,0.3777189254760742,0.13333333333333333,0.23573048412799835,0.5333333333333333,0.330116868019104,0.06666666666666667,0.04681717976927757,0.0,0.009616573341190815
3,lounge_chair_019,lounge_chair,functionality,functionality,0.5666666666666667,0.3283044397830963,0.3,0.3069209158420563,0.06666666666666667,0.3069209158420563,0.06666666666666667,0.04352752864360809,0.0,0.014326229691505432
3,lounge_chair_003,lounge_chair,functionality,functionality,0.4,0.34560564160346985,0.3333333333333333,0.28237709403038025,0.26666666666666666,0.3230952322483063,0.0,0.033840831369161606,0.0,0.015081202611327171
3,sneakers_025,sneakers,functionality,functionality,0.6666666666666666,0.3927997648715973,0.2,0.15299074351787567,0.13333333333333333,0.34329745173454285,0.0,0.08344714343547821,0.0,0.027464987710118294
3,sneakers_022,sneakers,functionality,functionality,0.5666666666666667,0.2971796989440918,0.23333333333333334,0.14166562259197235,0.13333333333333333,0.27782341837882996,0.06666666666666667,0.14166562259197235,0.0,0.14166562259197235
3,sneakers_016,sneakers,functionality,usability,0.3333333333333333,0.1886993795633316,0.3,0.24704280495643616,0.13333333333333333,0.2642545700073242,0.23333333333333334,0.2159091830253601,0.0,0.08409401029348373
3,sneakers_010,sneakers,usability,usability,0.13333333333333333,0.25690242648124695,0.0,0.026907842606306076,0.5666666666666667,0.6166283488273621,0.2,0.05644602328538895,0.1,0.04311532899737358
3,sneakers_020,sneakers,usability,usability,0.36666666666666664,0.40280529856681824,0.06666666666666667,0.043634604662656784,0.5,0.4929995834827423,0.06666666666666667,0.04667467996478081,0.0,0.013885886408388615
3,sports_car_021,sports_car,aesthetics,aesthetics,0.06666666666666667,0.09585955739021301,0.8666666666666667,0.6759240627288818,0.06666666666666667,0.03733617067337036,0.0,0.1879921853542328,0.0,0.002888106508180499
3,sports_car_004,sports_car,aesthetics,aesthetics,0.0,0.08214213699102402,0.7666666666666667,0.7582809329032898,0.0,0.03199336677789688,0.16666666666666666,0.12304621934890747,0.06666666666666667,0.004537299275398254
3,sports_car_007,sports_car,aesthetics,aesthetics,0.16666666666666666,0.05125339329242706,0.7,0.7581232786178589,0.0,0.013326441869139671,0.13333333333333333,0.17227822542190552,0.0,0.005018604453653097
3,sports_car_023,sports_car,aesthetics,aesthetics,0.06666666666666667,0.07364872097969055,0.6666666666666666,0.5554922223091125,0.0,0.01730935648083687,0.2,0.17677487432956696,0.06666666666666667,0.17677487432956696
3,sports_car_001,sports_car,aesthetics,aesthetics,0.06666666666666667,0.10094539821147919,0.5333333333333333,0.7117845416069031,0.06666666666666667,0.04205626621842384,0.3333333333333333,0.14136388897895813,0.0,0.003849821165204048
3,vacuum_cleaner_012,vacuum_cleaner,functionality,functionality,0.9333333333333333,0.654789924621582,0.0,0.04897342249751091,0.06666666666666667,0.10625283420085907,0.0,0.05993932485580444,0.0,0.13004447519779205
3,vacuum_cleaner_020,vacuum_cleaner,functionality,functionality,0.7666666666666667,0.8427526950836182,0.0,0.008939153514802456,0.16666666666666666,0.074590764939785,0.06666666666666667,0.034379929304122925,0.0,0.0393373966217041
3,vacuum_cleaner_016,vacuum_cleaner,functionality,functionality,0.7,0.8223966360092163,0.2,0.013067120686173439,0.1,0.07786031067371368,0.0,0.03469853475689888,0.0,0.051977310329675674
3,vacuum_cleaner_009,vacuum_cleaner,functionality,functionality,0.6,0.7325640916824341,0.06666666666666667,0.026118580251932144,0.3333333333333333,0.13601449131965637,0.0,0.04046480730175972,0.0,0.06483813375234604
3,vacuum_cleaner_023,vacuum_cleaner,functionality,functionality,0.5,0.4335508346557617,0.0,0.013972314074635506,0.43333333333333335,0.4335508346557617,0.06666666666666667,0.04857371002435684,0.0,0.07035234570503235
4,broom_009,broom,unclear,functionality,0.13333333333333333,0.5024611949920654,0.06666666666666667,0.03315751999616623,0.0,0.14923809468746185,0.26666666666666666,0.19430923461914062,0.5333333333333333,0.12083392590284348
4,broom_020,broom,functionality,functionality,0.8666666666666667,0.6292134523391724,0.0,0.031060103327035904,0.06666666666666667,0.14353634417057037,0.06666666666666667,0.14353634417057037,0.0,0.05265383794903755
4,broom_015,broom,functionality,functionality,0.7666666666666667,0.7816691994667053,0.06666666666666667,0.009782210923731327,0.0,0.13695356249809265,0.16666666666666666,0.05885854363441467,0.0,0.012736514210700989
4,broom_013,broom,functionality,functionality,0.6666666666666666,0.6125762462615967,0.13333333333333333,0.043754640966653824,0.2,0.19180524349212646,0.0,0.13255661725997925,0.0,0.019307320937514305
4,broom_025,broom,functionality,functionality,0.5666666666666667,0.7074486613273621,0.13333333333333333,0.025442708283662796,0.0,0.16138337552547455,0.23333333333333334,0.08566159754991531,0.06666666666666667,0.02006371133029461
4,desk_lamp_024,desk_lamp,aesthetics,aesthetics,0.23333333333333334,0.26077961921691895,0.5666666666666667,0.6396762132644653,0.06666666666666667,0.053529348224401474,0.13333333333333333,0.038999199867248535,0.0,0.007015636190772057
4,desk_lamp_006,desk_lamp,aesthetics,functionality,0.3,0.4494894742965698,0.3333333333333333,0.40445855259895325,0.06666666666666667,0.09726584702730179,0.0,0.03761415556073189,0.3,0.011171942576766014
4,desk_lamp_025,desk_lamp,functionality,functionality,0.7333333333333333,0.45082059502601624,0.06666666666666667,0.4056563079357147,0.06666666666666667,0.09253837168216705,0.06666666666666667,0.04419812187552452,0.06666666666666667,0.0067865196615457535
4,desk_lamp_016,desk_lamp,functionality,aesthetics,0.6333333333333333,0.3095156252384186,0.3,0.5831162333488464,0.06666666666666667,0.05716829001903534,0.0,0.04165036976337433,0.0,0.008549430407583714
4,desk_lamp_021,desk_lamp,functionality,functionality,0.4666666666666667,0.4603959619998932,0.23333333333333334,0.318179726600647,0.23333333333333334,0.15196877717971802,0.06666666666666667,0.061953820288181305,0.0,0.007501689717173576
4,early_automobile_004,early_automobile,symbolism,symbolism,0.16666666666666666,0.1761588752269745,0.0,0.08413685113191605,0.0,0.030864158645272255,0.7666666666666667,0.6948567032814026,0.06666666666666667,0.013983427546918392
4,early_automobile_017,early_automobile,symbolism,symbolism,0.13333333333333333,0.20085743069648743,0.0,0.027751466259360313,0.13333333333333333,0.04830304533243179,0.7333333333333333,0.7129079103469849,0.0,0.010180147364735603
4,early_automobile_018,early_automobile,symbolism,symbolism,0.13333333333333333,0.21068798005580902,0.06666666666666667,0.026193413883447647,0.06666666666666667,0.03790104389190674,0.6666666666666666,0.7093530297279358,0.06666666666666667,0.01586448960006237
4,early_automobile_001,early_automobile,symbolism,symbolism,0.3,0.21290484070777893,0.06666666666666667,0.023817289620637894,0.06666666666666667,0.02717684954404831,0.5666666666666667,0.716816782951355,0.0,0.019284198060631752
4,early_automobile_006,early_automobile,symbolism,symbolism,0.23333333333333334,0.15010496973991394,0.06666666666666667,0.04229116812348366,0.23333333333333334,0.02846619300544262,0.4666666666666667,0.7709029316902161,0.0,0.008234652690589428
4,electric_kettle_010,electric_kettle,functionality,functionality,0.9333333333333333,0.8564343452453613,0.0,0.013591280207037926,0.0,0.10370156168937683,0.06666666666666667,0.02073204703629017,0.0,0.005540819838643074
4,electric_kettle_025,electric_kettle,functionality,functionality,0.9333333333333333,0.8478592038154602,0.0,0.01276342198252678,0.06666666666666667,0.10822746902704239,0.0,0.023419542238116264,0.0,0.007730388082563877
4,electric_kettle_014,electric_kettle,functionality,functionality,0.8666666666666667,0.8420190215110779,0.0,0.011405648663640022,0.06666666666666667,0.11330750584602356,0.06666666666666667,0.02517450973391533,0.0,0.008093240670859814
4,electric_kettle_005,electric_kettle,functionality,functionality,0.8,0.771103024482727,0.06666666666666667,0.02923501841723919,0.06666666666666667,0.1668604016304016,0.06666666666666667,0.026306184008717537,0.0,0.006495397072285414
4,electric_kettle_003,electric_kettle,functionality,functionality,0.7,0.8037763833999634,0.16666666666666666,0.02162362076342106,0.13333333333333333,0.1484595090150833,0.0,0.020511889830231667,0.0,0.005628582090139389
4,lounge_chair_024,lounge_chair,aesthetics,functionality,0.26666666666666666,0.4032401442527771,0.6,0.20303374528884888,0.06666666666666667,0.34418797492980957,0.06666666666666667,0.04631610959768295,0.0,0.0032220652792602777
4,lounge_chair_025,lounge_chair,aesthetics,functionality,0.3,0.4187435805797577,0.4,0.17071111500263214,0.3,0.376792848110199,0.0,0.02837195247411728,0.0,0.005380507092922926
4,lounge_chair_009,lounge_chair,usability,functionality,0.23333333333333334,0.4548741579055786,0.23333333333333334,0.12156907469034195,0.4666666666666667,0.36829873919487,0.06666666666666667,0.050885990262031555,0.0,0.004372114781290293
4,lounge_chair_002,lounge_chair,functionality,usability,0.5333333333333333,0.29085567593574524,0.06666666666666667,0.3066200315952301,0.3333333333333333,0.35922667384147644,0.06666666666666667,0.03712712600827217,0.0,0.006170479580760002
4,lounge_chair_006,lounge_chair,functionality,usability,0.4,0.32215213775634766,0.23333333333333334,0.23470641672611237,0.36666666666666664,0.397879958152771,0.0,0.04112205654382706,0.0,0.004139390308409929
4,sneakers_001,sneakers,functionality,functionality,0.6333333333333333,0.36379945278167725,0.23333333333333334,0.3105228841304779,0.06666666666666667,0.25142183899879456,0.06666666666666667,0.06046295538544655,0.0,0.01379281748086214
4,sneakers_018,sneakers,functionality,aesthetics,0.5333333333333333,0.25420430302619934,0.26666666666666666,0.4309332072734833,0.13333333333333333,0.1349305510520935,0.06666666666666667,0.14995315670967102,0.0,0.029978690668940544
4,sneakers_002,sneakers,usability,usability,0.23333333333333334,0.27383822202682495,0.0,0.047978244721889496,0.7,0.6044148206710815,0.06666666666666667,0.06942300498485565,0.0,0.004345706198364496
4,sneakers_015,sneakers,usability,usability,0.16666666666666666,0.3070344924926758,0.2,0.13910621404647827,0.5666666666666667,0.46834856271743774,0.06666666666666667,0.06821655482053757,0.0,0.017294136807322502
4,sneakers_019,sneakers,usability,usability,0.4,0.38187339901924133,0.0,0.07838590443134308,0.43333333333333335,0.4025709331035614,0.16666666666666666,0.12604986131191254,0.0,0.011119802482426167
4,sports_car_015,sports_car,aesthetics,aesthetics,0.06666666666666667,0.11499552428722382,0.8333333333333334,0.7294180989265442,0.0,0.030733570456504822,0.1,0.12122825533151627,0.0,0.003624454140663147
4,sports_car_005,sports_car,aesthetics,aesthetics,0.0,0.1181730404496193,0.7666666666666667,0.7110344171524048,0.06666666666666667,0.03509906306862831,0.16666666666666666,0.13132983446121216,0.0,0.004363629501312971
4,sports_car_010,sports_car,aesthetics,aesthetics,0.13333333333333333,0.07711552828550339,0.7,0.7461373805999756,0.0,0.020072996616363525,0.16666666666666666,0.1531571000814438,0.0,0.0035169185139238834
4,sports_car_006,sports_car,aesthetics,aesthetics,0.16666666666666666,0.034249648451805115,0.6333333333333333,0.8569236993789673,0.0,0.006668861489742994,0.06666666666666667,0.09842614084482193,0.13333333333333333,0.0037316561210900545
4,sports_car_022,sports_car,aesthetics,aesthetics,0.06666666666666667,0.06006431207060814,0.5333333333333333,0.7976827621459961,0.13333333333333333,0.01831704005599022,0.2,0.11929219961166382,0.06666666666666667,0.00464370334520936
4,vacuum_cleaner_003,vacuum_cleaner,functionality,functionality,0.8666666666666667,0.7167734503746033,0.0,0.05256626754999161,0.06666666666666667,0.16351045668125153,0.06666666666666667,0.034460797905921936,0.0,0.03268907219171524
4,vacuum_cleaner_008,vacuum_cleaner,functionality,functionality,0.7333333333333333,0.6308302283287048,0.0,0.04877086728811264,0.16666666666666666,0.2439514547586441,0.1,0.04274187237024307,0.0,0.03370555117726326
4,vacuum_cleaner_024,vacuum_cleaner,functionality,functionality,0.7,0.7692453265190125,0.06666666666666667,0.026242822408676147,0.23333333333333334,0.14208152890205383,0.0,0.04003061726689339,0.0,0.02239970490336418
4,vacuum_cleaner_014,vacuum_cleaner,functionality,functionality,0.5666666666666667,0.5626755356788635,0.0,0.03430469334125519,0.3,0.31485310196876526,0.06666666666666667,0.043501660227775574,0.06666666666666667,0.04466499760746956
4,vacuum_cleaner_010,vacuum_cleaner,functionality,functionality,0.43333333333333335,0.5641509890556335,0.0,0.036258816719055176,0.4,0.31567874550819397,0.16666666666666666,0.043615732342004776,0.0,0.040295738726854324
5,broom_016,broom,unclear,functionality,0.3333333333333333,0.5138946175575256,0.06666666666666667,0.12491510808467865,0.06666666666666667,0.08338966220617294,0.06666666666666667,0.12491510808467865,0.4666666666666667,0.15288551151752472
5,broom_022,broom,functionality,functionality,0.8666666666666667,0.8429591059684753,0.0,0.017535047605633736,0.13333333333333333,0.07980713248252869,0.0,0.049806803464889526,0.0,0.009891865774989128
5,broom_018,broom,functionality,functionality,0.7666666666666667,0.852789580821991,0.0,0.009675838053226471,0.16666666666666666,0.07056283205747604,0.06666666666666667,0.05038764327764511,0.0,0.016584103927016258
5,broom_010,broom,functionality,functionality,0.6333333333333333,0.8249433636665344,0.13333333333333333,0.014020812697708607,0.06666666666666667,0.08354292064905167,0.0,0.05577080696821213,0.16666666666666666,0.02172205224633217
5,broom_003,broom,functionality,unclear,0.4666666666666667,0.31239140033721924,0.2,0.03619809076189995,0.0,0.04004615917801857,0.13333333333333333,0.07593472301959991,0.2,0.5354296565055847
5,desk_lamp_014,desk_lamp,aesthetics,functionality,0.3333333333333333,0.7949762344360352,0.5333333333333333,0.08050811290740967,0.06666666666666667,0.08050811290740967,0.06666666666666667,0.03837823122739792,0.0,0.00562921492382884
5,desk_lamp_011,desk_lamp,functionality,functionality,0.8666666666666667,0.8355749845504761,0.0,0.02785085141658783,0.06666666666666667,0.0905151516199112,0.06666666666666667,0.04033813625574112,0.0,0.005720757879316807
5,desk_lamp_002,desk_lamp,functionality,functionality,0.7,0.7716696262359619,0.16666666666666666,0.07305780053138733,0.13333333333333333,0.117063008248806,0.0,0.03255826234817505,0.0,0.005651324521750212
5,desk_lamp_008,desk_lamp,functionality,functionality,0.6,0.7611034512519836,0.26666666666666666,0.115460105240345,0.06666666666666667,0.07707778364419937,0.06666666666666667,0.03930291905999184,0.0,0.007055679336190224
5,desk_lamp_009,desk_lamp,functionality,functionality,0.36666666666666664,0.734098494052887,0.3333333333333333,0.136299267411232,0.23333333333333334,0.0795225277543068,0.06666666666666667,0.04054952412843704,0.0,0.00953019317239523
5,early_automobile_009,early_automobile,symbolism,symbolism,0.16666666666666666,0.2832338511943817,0.06666666666666667,0.025068586692214012,0.0,0.03883807733654976,0.7666666666666667,0.6355512738227844,0.0,0.017308222129940987
5,early_automobile_022,early_automobile,symbolism,symbolism,0.2,0.2045426070690155,0.0,0.04648087918758392,0.06666666666666667,0.034327901899814606,0.7333333333333333,0.6875298023223877,0.0,0.02711881883442402
5,early_automobile_021,early_automobile,symbolism,symbolism,0.26666666666666666,0.28305602073669434,0.0,0.03752836212515831,0.06666666666666667,0.02964714542031288,0.6666666666666666,0.6351516842842102,0.0,0.014616834931075573
5,early_automobile_002,early_automobile,symbolism,symbolism,0.2,0.20301760733127594,0.16666666666666666,0.021992234513163567,0.06666666666666667,0.025163449347019196,0.5666666666666667,0.7299477458000183,0.0,0.01987895928323269
5,early_automobile_025,early_automobile,symbolism,symbolism,0.23333333333333334,0.2112712860107422,0.23333333333333334,0.16137593984603882,0.06666666666666667,0.035457201302051544,0.4666666666666667,0.5802255868911743,0.0,0.011670035310089588
5,electric_kettle_016,electric_kettle,functionality,functionality,0.9333333333333333,0.9161964058876038,0.0,0.009085191413760185,0.06666666666666667,0.054134029895067215,0.0,0.01610506884753704,0.0,0.004479242023080587
5,electric_kettle_006,electric_kettle,functionality,functionality,0.8666666666666667,0.866509199142456,0.0,0.03195231407880783,0.13333333333333333,0.06702812016010284,0.0,0.027000781148672104,0.0,0.007509621791541576
5,electric_kettle_017,electric_kettle,functionality,functionality,0.8666666666666667,0.8972273468971252,0.0,0.008042160421609879,0.13333333333333333,0.06940429657697678,0.0,0.022086599841713905,0.0,0.0032396032474935055
5,electric_kettle_011,electric_kettle,functionality,functionality,0.7666666666666667,0.8830792903900146,0.0,0.015522931702435017,0.23333333333333334,0.07306911796331406,0.0,0.02248283661901951,0.0,0.005845782812684774
5,electric_kettle_015,electric_kettle,functionality,functionality,0.6333333333333333,0.8268678188323975,0.23333333333333334,0.02664797008037567,0.06666666666666667,0.11726640909910202,0.0,0.02251843363046646,0.06666666666666667,0.006699316203594208
5,lounge_chair_007,lounge_chair,aesthetics,functionality,0.23333333333333334,0.4539821147918701,0.5666666666666667,0.26487159729003906,0.06666666666666667,0.18914002180099487,0.0,0.08429037034511566,0.13333333333333333,0.007715921383351088
5,lounge_chair_005,lounge_chair,usability,functionality,0.26666666666666666,0.39955249428749084,0.0,0.23311515152454376,0.7333333333333333,0.2179315984249115,0.0,0.05860528349876404,0.0,0.09079551696777344
5,lounge_chair_020,lounge_chair,usability,aesthetics,0.26666666666666666,0.30298176407814026,0.3333333333333333,0.3466710150241852,0.4,0.24755147099494934,0.0,0.06885049492120743,0.0,0.033945146948099136
5,lounge_chair_001,lounge_chair,functionality,functionality,0.5,0.5250076055526733,0.36666666666666664,0.10426907241344452,0.0,0.3063107430934906,0.06666666666666667,0.05687238276004791,0.06666666666666667,0.00754029955714941
5,lounge_chair_013,lounge_chair,functionality,functionality,0.4,0.514667809009552,0.26666666666666666,0.15311554074287415,0.2,0.22936227917671204,0.0,0.0616791732609272,0.13333333333333333,0.0411752313375473
5,sneakers_004,sneakers,functionality,functionality,0.6333333333333333,0.6397353410720825,0.13333333333333333,0.07666759938001633,0.16666666666666666,0.20358385145664215,0.06666666666666667,0.06478670239448547,0.0,0.015226551331579685
5,sneakers_008,sneakers,functionality,functionality,0.5,0.5709248185157776,0.06666666666666667,0.05053164064884186,0.36666666666666664,0.3114044666290283,0.06666666666666667,0.061846449971199036,0.0,0.0052926610223948956
5,sneakers_012,sneakers,usability,usability,0.16666666666666666,0.30141007900238037,0.06666666666666667,0.042745985090732574,0.6666666666666666,0.5911011099815369,0.1,0.05596248432993889,0.0,0.008780313655734062
5,sneakers_023,sneakers,usability,usability,0.3,0.32732346653938293,0.0,0.016902776435017586,0.5666666666666667,0.5610228180885315,0.13333333333333333,0.09103714674711227,0.0,0.0037138424813747406
5,sneakers_021,sneakers,usability,functionality,0.16666666666666666,0.5111215710639954,0.36666666666666664,0.13289719820022583,0.4,0.26062747836112976,0.0,0.08871828764677048,0.06666666666666667,0.006635471247136593
5,sports_car_018,sports_car,aesthetics,aesthetics,0.06666666666666667,0.1531383991241455,0.8,0.5889697074890137,0.06666666666666667,0.04555923491716385,0.06666666666666667,0.20048682391643524,0.0,0.011845897883176804
5,sports_car_013,sports_car,aesthetics,aesthetics,0.16666666666666666,0.08967600017786026,0.7666666666666667,0.7235012650489807,0.0,0.014069848693907261,0.06666666666666667,0.1537020057439804,0.0,0.019050942733883858
5,sports_car_008,sports_car,aesthetics,aesthetics,0.1,0.12253855168819427,0.6666666666666666,0.616997241973877,0.06666666666666667,0.035248417407274246,0.16666666666666666,0.21002748608589172,0.0,0.01518830843269825
5,sports_car_014,sports_car,aesthetics,aesthetics,0.06666666666666667,0.10682962089776993,0.6333333333333333,0.6583443880081177,0.06666666666666667,0.027776848524808884,0.23333333333333334,0.1958598494529724,0.0,0.011189281940460205
5,sports_car_009,sports_car,aesthetics,aesthetics,0.36666666666666664,0.10780765861272812,0.4,0.6643722057342529,0.06666666666666667,0.01935369335114956,0.16666666666666666,0.18477916717529297,0.0,0.02368728257715702
5,vacuum_cleaner_007,vacuum_cleaner,functionality,functionality,0.8666666666666667,0.7483633756637573,0.0,0.05597202107310295,0.06666666666666667,0.12989769876003265,0.06666666666666667,0.03996860608458519,0.0,0.025798315182328224
5,vacuum_cleaner_013,vacuum_cleaner,functionality,functionality,0.7333333333333333,0.8320261240005493,0.13333333333333333,0.03394230455160141,0.13333333333333333,0.09013071656227112,0.0,0.03068072907626629,0.0,0.013220123946666718
5,vacuum_cleaner_005,vacuum_cleaner,functionality,functionality,0.6666666666666666,0.5904632210731506,0.0,0.03049117513000965,0.26666666666666666,0.20099540054798126,0.06666666666666667,0.0684194266796112,0.0,0.1096307560801506
5,vacuum_cleaner_001,vacuum_cleaner,functionality,functionality,0.5333333333333333,0.6617738604545593,0.06666666666666667,0.037806496024131775,0.3333333333333333,0.22526976466178894,0.0,0.046271953731775284,0.06666666666666667,0.028877830132842064
5,vacuum_cleaner_021,vacuum_cleaner,functionality,functionality,0.4,0.6898859143257141,0.26666666666666666,0.0653148740530014,0.26666666666666666,0.1465606987476349,0.06666666666666667,0.05159834399819374,0.0,0.046640168875455856
