image_id,count_functionality,count_aesthetics,count_usability,count_symbolism,count_unclear,p_functionality,p_aesthetics,p_usability,p_symbolism,p_unclear,category,n_responses,mean_confidence
broom_001,26,0,2,2,0,0.8666666666666667,0.0,0.06666666666666667,0.06666666666666667,0.0,broom,30,4.466666666666667
broom_002,9,0,15,4,2,0.3,0.0,0.5,0.13333333333333333,0.06666666666666667,broom,30,4.0
broom_003,14,6,0,4,6,0.4666666666666667,0.2,0.0,0.13333333333333333,0.2,broom,30,3.933333333333333
broom_004,23,0,5,2,0,0.7666666666666667,0.0,0.16666666666666666,0.06666666666666667,0.0,broom,30,4.233333333333333
broom_005,7,2,0,2,19,0.23333333333333334,0.06666666666666667,0.0,0.06666666666666667,0.6333333333333333,broom,30,4.0
broom_006,22,0,5,3,0,0.7333333333333333,0.0,0.16666666666666666,0.1,0.0,broom,30,4.733333333333333
broom_007,26,0,4,0,0,0.8666666666666667,0.0,0.13333333333333333,0.0,0.0,broom,30,4.366666666666666
broom_008,23,0,5,0,2,0.7666666666666667,0.0,0.16666666666666666,0.0,0.06666666666666667,broom,30,4.533333333333333
broom_009,4,2,0,8,16,0.13333333333333333,0.06666666666666667,0.0,0.26666666666666666,0.5333333333333333,broom,30,3.933333333333333
broom_010,19,4,2,0,5,0.6333333333333333,0.13333333333333333,0.06666666666666667,0.0,0.16666666666666666,broom,30,3.8666666666666667
broom_011,4,0,2,6,18,0.13333333333333333,0.0,0.06666666666666667,0.2,0.6,broom,30,4.066666666666666
broom_012,20,0,8,0,2,0.6666666666666666,0.0,0.26666666666666666,0.0,0.06666666666666667,broom,30,4.466666666666667
broom_013,20,4,6,0,0,0.6666666666666666,0.13333333333333333,0.2,0.0,0.0,broom,30,4.266666666666667
broom_014,24,0,2,2,2,0.8,0.0,0.06666666666666667,0.06666666666666667,0.06666666666666667,broom,30,3.933333333333333
broom_015,23,2,0,5,0,0.7666666666666667,0.06666666666666667,0.0,0.16666666666666666,0.0,broom,30,4.133333333333334
broom_016,10,2,2,2,14,0.3333333333333333,0.06666666666666667,0.06666666666666667,0.06666666666666667,0.4666666666666667,broom,30,4.066666666666666
broom_017,26,0,4,0,0,0.8666666666666667,0.0,0.13333333333333333,0.0,0.0,broom,30,4.533333333333333
broom_018,23,0,5,2,0,0.7666666666666667,0.0,0.16666666666666666,0.06666666666666667,0.0,broom,30,4.266666666666667
broom_019,17,0,13,0,0,0.5666666666666667,0.0,0.43333333333333335,0.0,0.0,broom,30,4.433333333333334
broom_020,26,0,2,2,0,0.8666666666666667,0.0,0.06666666666666667,0.06666666666666667,0.0,broom,30,4.3
broom_021,17,0,2,9,2,0.5666666666666667,0.0,0.06666666666666667,0.3,0.06666666666666667,broom,30,4.233333333333333
broom_022,26,0,4,0,0,0.8666666666666667,0.0,0.13333333333333333,0.0,0.0,broom,30,4.533333333333333
broom_023,17,0,0,2,11,0.5666666666666667,0.0,0.0,0.06666666666666667,0.36666666666666664,broom,30,4.0
broom_024,21,0,7,2,0,0.7,0.0,0.23333333333333334,0.06666666666666667,0.0,broom,30,4.233333333333333
broom_025,17,4,0,7,2,0.5666666666666667,0.13333333333333333,0.0,0.23333333333333334,0.06666666666666667,broom,30,3.7666666666666666
desk_lamp_001,6,17,4,0,3,0.2,0.5666666666666667,0.13333333333333333,0.0,0.1,desk_lamp,30,4.1
desk_lamp_002,21,5,4,0,0,0.7,0.16666666666666666,0.13333333333333333,0.0,0.0,desk_lamp,30,4.3
desk_lamp_003,21,7,0,2,0,0.7,0.23333333333333334,0.0,0.06666666666666667,0.0,desk_lamp,30,4.233333333333333
desk_lamp_004,21,2,7,0,0,0.7,0.06666666666666667,0.23333333333333334,0.0,0.0,desk_lamp,30,4.566666666666666
desk_lamp_005,16,8,4,2,0,0.5333333333333333,0.26666666666666666,0.13333333333333333,0.06666666666666667,0.0,desk_lamp,30,4.333333333333333
desk_lamp_006,9,10,2,0,9,0.3,0.3333333333333333,0.06666666666666667,0.0,0.3,desk_lamp,30,4.066666666666666
desk_lamp_007,23,5,2,0,0,0.7666666666666667,0.16666666666666666,0.06666666666666667,0.0,0.0,desk_lamp,30,4.533333333333333
desk_lamp_008,18,8,2,2,0,0.6,0.26666666666666666,0.06666666666666667,0.06666666666666667,0.0,desk_lamp,30,4.666666666666667
desk_lamp_009,11,10,7,2,0,0.36666666666666664,0.3333333333333333,0.23333333333333334,0.06666666666666667,0.0,desk_lamp,30,4.3
desk_lamp_010,17,7,4,0,2,0.5666666666666667,0.23333333333333334,0.13333333333333333,0.0,0.06666666666666667,desk_lamp,30,4.233333333333333
desk_lamp_011,26,0,2,2,0,0.8666666666666667,0.0,0.06666666666666667,0.06666666666666667,0.0,desk_lamp,30,4.533333333333333
desk_lamp_012,16,14,0,0,0,0.5333333333333333,0.4666666666666667,0.0,0.0,0.0,desk_lamp,30,4.4
desk_lamp_013,26,0,2,2,0,0.8666666666666667,0.0,0.06666666666666667,0.06666666666666667,0.0,desk_lamp,30,4.433333333333334
desk_lamp_014,10,16,2,2,0,0.3333333333333333,0.5333333333333333,0.06666666666666667,0.06666666666666667,0.0,desk_lamp,30,4.666666666666667
desk_lamp_015,7,19,0,2,2,0.23333333333333334,0.6333333333333333,0.0,0.06666666666666667,0.06666666666666667,desk_lamp,30,4.233333333333333
desk_lamp_016,19,9,2,0,0,0.6333333333333333,0.3,0.06666666666666667,0.0,0.0,desk_lamp,30,4.066666666666666
desk_lamp_017,21,5,4,0,0,0.7,0.16666666666666666,0.13333333333333333,0.0,0.0,desk_lamp,30,4.533333333333333
desk_lamp_018,24,2,4,0,0,0.8,0.06666666666666667,0.13333333333333333,0.0,0.0,desk_lamp,30,4.466666666666667
desk_lamp_019,12,12,4,2,0,0.4,0.4,0.13333333333333333,0.06666666666666667,0.0,desk_lamp,30,4.533333333333333
desk_lamp_020,7,14,7,2,0,0.23333333333333334,0.4666666666666667,0.23333333333333334,0.06666666666666667,0.0,desk_lamp,30,4.433333333333334
desk_lamp_021,14,7,7,2,0,0.4666666666666667,0.23333333333333334,0.23333333333333334,0.06666666666666667,0.0,desk_lamp,30,4.533333333333333
desk_lamp_022,10,16,0,2,2,0.3333333333333333,0.5333333333333333,0.0,0.06666666666666667,0.06666666666666667,desk_lamp,30,4.2
desk_lamp_023,11,15,4,0,0,0.36666666666666664,0.5,0.13333333333333333,0.0,0.0,desk_lamp,30,4.366666666666666
desk_lamp_024,7,17,2,4,0,0.23333333333333334,0.5666666666666667,0.06666666666666667,0.13333333333333333,0.0,desk_lamp,30,4.3
desk_lamp_025,22,2,2,2,2,0.7333333333333333,0.06666666666666667,0.06666666666666667,0.06666666666666667,0.06666666666666667,desk_lamp,30,4.433333333333334
early_automobile_001,9,2,2,17,0,0.3,0.06666666666666667,0.06666666666666667,0.5666666666666667,0.0,early_automobile,30,4.433333333333334
early_automobile_002,6,5,2,17,0,0.2,0.16666666666666666,0.06666666666666667,0.5666666666666667,0.0,early_automobile,30,4.466666666666667
early_automobile_003,7,0,0,23,0,0.23333333333333334,0.0,0.0,0.7666666666666667,0.0,early_automobile,30,4.233333333333333
early_automobile_004,5,0,0,23,2,0.16666666666666666,0.0,0.0,0.7666666666666667,0.06666666666666667,early_automobile,30,4.366666666666666
early_automobile_005,7,2,0,21,0,0.23333333333333334,0.06666666666666667,0.0,0.7,0.0,early_automobile,30,4.566666666666666
early_automobile_006,7,2,7,14,0,0.23333333333333334,0.06666666666666667,0.23333333333333334,0.4666666666666667,0.0,early_automobile,30,4.433333333333334
early_automobile_007,4,4,0,22,0,0.13333333333333333,0.13333333333333333,0.0,0.7333333333333333,0.0,early_automobile,30,4.466666666666667
early_automobile_008,9,4,2,15,0,0.3,0.13333333333333333,0.06666666666666667,0.5,0.0,early_automobile,30,4.233333333333333
early_automobile_009,5,2,0,23,0,0.16666666666666666,0.06666666666666667,0.0,0.7666666666666667,0.0,early_automobile,30,4.266666666666667
early_automobile_010,10,4,0,16,0,0.3333333333333333,0.13333333333333333,0.0,0.5333333333333333,0.0,early_automobile,30,4.466666666666667
early_automobile_011,7,2,0,21,0,0.23333333333333334,0.06666666666666667,0.0,0.7,0.0,early_automobile,30,4.3
early_automobile_012,13,2,0,15,0,0.43333333333333335,0.06666666666666667,0.0,0.5,0.0,early_automobile,30,4.566666666666666
early_automobile_013,9,0,0,19,2,0.3,0.0,0.0,0.6333333333333333,0.06666666666666667,early_automobile,30,4.533333333333333
early_automobile_014,2,0,2,26,0,0.06666666666666667,0.0,0.06666666666666667,0.8666666666666667,0.0,early_automobile,30,4.433333333333334
early_automobile_015,8,2,2,18,0,0.26666666666666666,0.06666666666666667,0.06666666666666667,0.6,0.0,early_automobile,30,4.4
early_automobile_016,6,0,2,22,0,0.2,0.0,0.06666666666666667,0.7333333333333333,0.0,early_automobile,30,4.666666666666667
early_automobile_017,4,0,4,22,0,0.13333333333333333,0.0,0.13333333333333333,0.7333333333333333,0.0,early_automobile,30,4.733333333333333
early_automobile_018,4,2,2,20,2,0.13333333333333333,0.06666666666666667,0.06666666666666667,0.6666666666666666,0.06666666666666667,early_automobile,30,4.066666666666666
early_automobile_019,4,0,0,21,5,0.13333333333333333,0.0,0.0,0.7,0.16666666666666666,early_automobile,30,4.133333333333334
early_automobile_020,5,4,2,19,0,0.16666666666666666,0.13333333333333333,0.06666666666666667,0.6333333333333333,0.0,early_automobile,30,4.366666666666666
early_automobile_021,8,0,2,20,0,0.26666666666666666,0.0,0.06666666666666667,0.6666666666666666,0.0,early_automobile,30,4.533333333333333
early_automobile_022,6,0,2,22,0,0.2,0.0,0.06666666666666667,0.7333333333333333,0.0,early_automobile,30,4.466666666666667
early_automobile_023,4,0,0,26,0,0.13333333333333333,0.0,0.0,0.8666666666666667,0.0,early_automobile,30,4.366666666666666
early_automobile_024,7,0,0,23,0,0.23333333333333334,0.0,0.0,0.7666666666666667,0.0,early_automobile,30,4.533333333333333
early_automobile_025,7,7,2,14,0,0.23333333333333334,0.23333333333333334,0.06666666666666667,0.4666666666666667,0.0,early_automobile,30,4.766666666666667
electric_kettle_001,28,0,2,0,0,0.9333333333333333,0.0,0.06666666666666667,0.0,0.0,electric_kettle,30,4.6
electric_kettle_002,21,2,7,0,0,0.7,0.06666666666666667,0.23333333333333334,0.0,0.0,electric_kettle,30,4.366666666666666
electric_kettle_003,21,5,4,0,0,0.7,0.16666666666666666,0.13333333333333333,0.0,0.0,electric_kettle,30,4.566666666666666
electric_kettle_004,28,0,0,2,0,0.9333333333333333,0.0,0.0,0.06666666666666667,0.0,electric_kettle,30,4.533333333333333
electric_kettle_005,24,2,2,2,0,0.8,0.06666666666666667,0.06666666666666667,0.06666666666666667,0.0,electric_kettle,30,4.533333333333333
electric_kettle_006,26,0,4,0,0,0.8666666666666667,0.0,0.13333333333333333,0.0,0.0,electric_kettle,30,4.433333333333334
electric_kettle_007,22,0,8,0,0,0.7333333333333333,0.0,0.26666666666666666,0.0,0.0,electric_kettle,30,4.466666666666667
electric_kettle_008,28,0,2,0,0,0.9333333333333333,0.0,0.06666666666666667,0.0,0.0,electric_kettle,30,4.533333333333333
electric_kettle_009,26,0,0,4,0,0.8666666666666667,0.0,0.0,0.13333333333333333,0.0,electric_kettle,30,4.566666666666666
electric_kettle_010,28,0,0,2,0,0.9333333333333333,0.0,0.0,0.06666666666666667,0.0,electric_kettle,30,4.7
electric_kettle_011,23,0,7,0,0,0.7666666666666667,0.0,0.23333333333333334,0.0,0.0,electric_kettle,30,4.533333333333333
electric_kettle_012,26,0,2,2,0,0.8666666666666667,0.0,0.06666666666666667,0.06666666666666667,0.0,electric_kettle,30,4.633333333333334
electric_kettle_013,26,0,2,2,0,0.8666666666666667,0.0,0.06666666666666667,0.06666666666666667,0.0,electric_kettle,30,4.8
electric_kettle_014,26,0,2,2,0,0.8666666666666667,0.0,0.06666666666666667,0.06666666666666667,0.0,electric_kettle,30,4.366666666666666
electric_kettle_015,19,7,2,0,2,0.6333333333333333,0.23333333333333334,0.06666666666666667,0.0,0.06666666666666667,electric_kettle,30,4.3
electric_kettle_016,28,0,2,0,0,0.9333333333333333,0.0,0.06666666666666667,0.0,0.0,electric_kettle,30,4.466666666666667
electric_kettle_017,26,0,4,0,0,0.8666666666666667,0.0,0.13333333333333333,0.0,0.0,electric_kettle,30,4.666666666666667
electric_kettle_018,22,0,8,0,0,0.7333333333333333,0.0,0.26666666666666666,0.0,0.0,electric_kettle,30,4.466666666666667
electric_kettle_019,28,0,0,2,0,0.9333333333333333,0.0,0.0,0.06666666666666667,0.0,electric_kettle,30,4.533333333333333
electric_kettle_020,26,0,4,0,0,0.8666666666666667,0.0,0.13333333333333333,0.0,0.0,electric_kettle,30,4.533333333333333
electric_kettle_021,26,0,2,2,0,0.8666666666666667,0.0,0.06666666666666667,0.06666666666666667,0.0,electric_kettle,30,4.3
electric_kettle_022,26,0,4,0,0,0.8666666666666667,0.0,0.13333333333333333,0.0,0.0,electric_kettle,30,4.533333333333333
electric_kettle_023,28,0,2,0,0,0.9333333333333333,0.0,0.06666666666666667,0.0,0.0,electric_kettle,30,4.466666666666667
electric_kettle_024,28,0,2,0,0,0.9333333333333333,0.0,0.06666666666666667,0.0,0.0,electric_kettle,30,4.633333333333334
electric_kettle_025,28,0,2,0,0,0.9333333333333333,0.0,0.06666666666666667,0.0,0.0,electric_kettle,30,4.433333333333334
lounge_chair_001,15,11,0,2,2,0.5,0.36666666666666664,0.0,0.06666666666666667,0.06666666666666667,lounge_chair,30,4.366666666666666
lounge_chair_002,16,2,10,2,0,0.5333333333333333,0.06666666666666667,0.3333333333333333,0.06666666666666667,0.0,lounge_chair,30,4.4
lounge_chair_003,12,10,8,0,0,0.4,0.3333333333333333,0.26666666666666666,0.0,0.0,lounge_chair,30,4.466666666666667
lounge_chair_004,4,6,18,2,0,0.13333333333333333,0.2,0.6,0.06666666666666667,0.0,lounge_chair,30,4.333333333333333
lounge_chair_005,8,0,22,0,0,0.26666666666666666,0.0,0.7333333333333333,0.0,0.0,lounge_chair,30,4.533333333333333
lounge_chair_006,12,7,11,0,0,0.4,0.23333333333333334,0.36666666666666664,0.0,0.0,lounge_chair,30,4.533333333333333
lounge_chair_007,7,17,2,0,4,0.23333333333333334,0.5666666666666667,0.06666666666666667,0.0,0.13333333333333333,lounge_chair,30,3.8666666666666667
lounge_chair_008,6,3,4,5,12,0.2,0.1,0.13333333333333333,0.16666666666666666,0.4,lounge_chair,30,3.6
lounge_chair_009,7,7,14,2,0,0.23333333333333334,0.23333333333333334,0.4666666666666667,0.06666666666666667,0.0,lounge_chair,30,4.366666666666666
lounge_chair_010,7,14,7,2,0,0.23333333333333334,0.4666666666666667,0.23333333333333334,0.06666666666666667,0.0,lounge_chair,30,4.366666666666666
lounge_chair_011,12,6,12,0,0,0.4,0.2,0.4,0.0,0.0,lounge_chair,30,4.266666666666667
lounge_chair_012,14,6,8,2,0,0.4666666666666667,0.2,0.26666666666666666,0.06666666666666667,0.0,lounge_chair,30,4.4
lounge_chair_013,12,8,6,0,4,0.4,0.26666666666666666,0.2,0.0,0.13333333333333333,lounge_chair,30,4.2
lounge_chair_014,14,9,7,0,0,0.4666666666666667,0.3,0.23333333333333334,0.0,0.0,lounge_chair,30,4.233333333333333
lounge_chair_015,14,0,16,0,0,0.4666666666666667,0.0,0.5333333333333333,0.0,0.0,lounge_chair,30,4.0
lounge_chair_016,9,12,7,2,0,0.3,0.4,0.23333333333333334,0.06666666666666667,0.0,lounge_chair,30,4.3
lounge_chair_017,9,12,7,0,2,0.3,0.4,0.23333333333333334,0.0,0.06666666666666667,lounge_chair,30,4.533333333333333
lounge_chair_018,13,4,13,0,0,0.43333333333333335,0.13333333333333333,0.43333333333333335,0.0,0.0,lounge_chair,30,4.366666666666666
lounge_chair_019,17,9,2,2,0,0.5666666666666667,0.3,0.06666666666666667,0.06666666666666667,0.0,lounge_chair,30,4.366666666666666
lounge_chair_020,8,10,12,0,0,0.26666666666666666,0.3333333333333333,0.4,0.0,0.0,lounge_chair,30,4.2
lounge_chair_021,11,7,12,0,0,0.36666666666666664,0.23333333333333334,0.4,0.0,0.0,lounge_chair,30,4.433333333333334
lounge_chair_022,19,0,9,0,2,0.6333333333333333,0.0,0.3,0.0,0.06666666666666667,lounge_chair,30,4.533333333333333
lounge_chair_023,8,4,16,2,0,0.26666666666666666,0.13333333333333333,0.5333333333333333,0.06666666666666667,0.0,lounge_chair,30,4.533333333333333
lounge_chair_024,8,18,2,2,0,0.26666666666666666,0.6,0.06666666666666667,0.06666666666666667,0.0,lounge_chair,30,4.466666666666667
lounge_chair_025,9,12,9,0,0,0.3,0.4,0.3,0.0,0.0,lounge_chair,30,4.133333333333334
sneakers_001,19,7,2,2,0,0.6333333333333333,0.23333333333333334,0.06666666666666667,0.06666666666666667,0.0,sneakers,30,4.533333333333333
sneakers_002,7,0,21,2,0,0.23333333333333334,0.0,0.7,0.06666666666666667,0.0,sneakers,30,4.366666666666666
sneakers_003,6,4,18,2,0,0.2,0.13333333333333333,0.6,0.06666666666666667,0.0,sneakers,30,4.533333333333333
sneakers_004,19,4,5,2,0,0.6333333333333333,0.13333333333333333,0.16666666666666666,0.06666666666666667,0.0,sneakers,30,4.366666666666666
sneakers_005,18,2,2,2,6,0.6,0.06666666666666667,0.06666666666666667,0.06666666666666667,0.2,sneakers,30,3.8666666666666667
sneakers_006,4,7,15,4,0,0.13333333333333333,0.23333333333333334,0.5,0.13333333333333333,0.0,sneakers,30,4.066666666666666
sneakers_007,12,6,8,4,0,0.4,0.2,0.26666666666666666,0.13333333333333333,0.0,sneakers,30,4.333333333333333
sneakers_008,15,2,11,2,0,0.5,0.06666666666666667,0.36666666666666664,0.06666666666666667,0.0,sneakers,30,4.3
sneakers_009,11,0,15,4,0,0.36666666666666664,0.0,0.5,0.13333333333333333,0.0,sneakers,30,4.433333333333334
sneakers_010,4,0,17,6,3,0.13333333333333333,0.0,0.5666666666666667,0.2,0.1,sneakers,30,4.2
sneakers_011,12,13,0,5,0,0.4,0.43333333333333335,0.0,0.16666666666666666,0.0,sneakers,30,4.433333333333334
sneakers_012,5,2,20,3,0,0.16666666666666666,0.06666666666666667,0.6666666666666666,0.1,0.0,sneakers,30,4.4
sneakers_013,7,0,9,0,14,0.23333333333333334,0.0,0.3,0.0,0.4666666666666667,sneakers,30,4.0
sneakers_014,10,0,18,2,0,0.3333333333333333,0.0,0.6,0.06666666666666667,0.0,sneakers,30,4.666666666666667
sneakers_015,5,6,17,2,0,0.16666666666666666,0.2,0.5666666666666667,0.06666666666666667,0.0,sneakers,30,4.133333333333334
sneakers_016,10,9,4,7,0,0.3333333333333333,0.3,0.13333333333333333,0.23333333333333334,0.0,sneakers,30,4.7
sneakers_017,12,11,5,2,0,0.4,0.36666666666666664,0.16666666666666666,0.06666666666666667,0.0,sneakers,30,4.366666666666666
sneakers_018,16,8,4,2,0,0.5333333333333333,0.26666666666666666,0.13333333333333333,0.06666666666666667,0.0,sneakers,30,4.333333333333333
sneakers_019,12,0,13,5,0,0.4,0.0,0.43333333333333335,0.16666666666666666,0.0,sneakers,30,4.366666666666666
sneakers_020,11,2,15,2,0,0.36666666666666664,0.06666666666666667,0.5,0.06666666666666667,0.0,sneakers,30,4.366666666666666
sneakers_021,5,11,12,0,2,0.16666666666666666,0.36666666666666664,0.4,0.0,0.06666666666666667,sneakers,30,4.066666666666666
sneakers_022,17,7,4,2,0,0.5666666666666667,0.23333333333333334,0.13333333333333333,0.06666666666666667,0.0,sneakers,30,4.566666666666666
sneakers_023,9,0,17,4,0,0.3,0.0,0.5666666666666667,0.13333333333333333,0.0,sneakers,30,4.433333333333334
sneakers_024,18,4,8,0,0,0.6,0.13333333333333333,0.26666666666666666,0.0,0.0,sneakers,30,4.4
sneakers_025,20,6,4,0,0,0.6666666666666666,0.2,0.13333333333333333,0.0,0.0,sneakers,30,4.333333333333333
sports_car_001,2,16,2,10,0,0.06666666666666667,0.5333333333333333,0.06666666666666667,0.3333333333333333,0.0,sports_car,30,4.666666666666667
sports_car_002,0,23,0,7,0,0.0,0.7666666666666667,0.0,0.23333333333333334,0.0,sports_car,30,4.533333333333333
sports_car_003,0,28,0,2,0,0.0,0.9333333333333333,0.0,0.06666666666666667,0.0,sports_car,30,4.633333333333334
sports_car_004,0,23,0,5,2,0.0,0.7666666666666667,0.0,0.16666666666666666,0.06666666666666667,sports_car,30,4.533333333333333
sports_car_005,0,23,2,5,0,0.0,0.7666666666666667,0.06666666666666667,0.16666666666666666,0.0,sports_car,30,4.233333333333333
sports_car_006,5,19,0,2,4,0.16666666666666666,0.6333333333333333,0.0,0.06666666666666667,0.13333333333333333,sports_car,30,4.3
sports_car_007,5,21,0,4,0,0.16666666666666666,0.7,0.0,0.13333333333333333,0.0,sports_car,30,4.533333333333333
sports_car_008,3,20,2,5,0,0.1,0.6666666666666666,0.06666666666666667,0.16666666666666666,0.0,sports_car,30,4.266666666666667
sports_car_009,11,12,2,5,0,0.36666666666666664,0.4,0.06666666666666667,0.16666666666666666,0.0,sports_car,30,4.233333333333333
sports_car_010,4,21,0,5,0,0.13333333333333333,0.7,0.0,0.16666666666666666,0.0,sports_car,30,4.566666666666666
sports_car_011,0,28,0,2,0,0.0,0.9333333333333333,0.0,0.06666666666666667,0.0,sports_car,30,4.6
sports_car_012,4,20,0,6,0,0.13333333333333333,0.6666666666666666,0.0,0.2,0.0,sports_car,30,4.4
sports_car_013,5,23,0,2,0,0.16666666666666666,0.7666666666666667,0.0,0.06666666666666667,0.0,sports_car,30,4.233333333333333
sports_car_014,2,19,2,7,0,0.06666666666666667,0.6333333333333333,0.06666666666666667,0.23333333333333334,0.0,sports_car,30,4.7
sports_car_015,2,25,0,3,0,0.06666666666666667,0.8333333333333334,0.0,0.1,0.0,sports_car,30,4.433333333333334
sports_car_016,5,23,0,2,0,0.16666666666666666,0.7666666666666667,0.0,0.06666666666666667,0.0,sports_car,30,4.433333333333334
sports_car_017,6,18,0,6,0,0.2,0.6,0.0,0.2,0.0,sports_car,30,4.4
sports_car_018,2,24,2,2,0,0.06666666666666667,0.8,0.06666666666666667,0.06666666666666667,0.0,sports_car,30,4.533333333333333
sports_car_019,2,19,5,4,0,0.06666666666666667,0.6333333333333333,0.16666666666666666,0.13333333333333333,0.0,sports_car,30,4.7
sports_car_020,2,20,0,6,2,0.06666666666666667,0.6666666666666666,0.0,0.2,0.06666666666666667,sports_car,30,4.2
sports_car_021,2,26,2,0,0,0.06666666666666667,0.8666666666666667,0.06666666666666667,0.0,0.0,sports_car,30,4.633333333333334
sports_car_022,2,16,4,6,2,0.06666666666666667,0.5333333333333333,0.13333333333333333,0.2,0.06666666666666667,sports_car,30,4.466666666666667
sports_car_023,2,20,0,6,2,0.06666666666666667,0.6666666666666666,0.0,0.2,0.06666666666666667,sports_car,30,4.466666666666667
sports_car_024,2,24,0,4,0,0.06666666666666667,0.8,0.0,0.13333333333333333,0.0,sports_car,30,4.466666666666667
sports_car_025,2,22,2,4,0,0.06666666666666667,0.7333333333333333,0.06666666666666667,0.13333333333333333,0.0,sports_car,30,4.533333333333333
vacuum_cleaner_001,16,2,10,0,2,0.5333333333333333,0.06666666666666667,0.3333333333333333,0.0,0.06666666666666667,vacuum_cleaner,30,4.066666666666666
vacuum_cleaner_002,28,0,2,0,0,0.9333333333333333,0.0,0.06666666666666667,0.0,0.0,vacuum_cleaner,30,4.533333333333333
vacuum_cleaner_003,26,0,2,2,0,0.8666666666666667,0.0,0.06666666666666667,0.06666666666666667,0.0,vacuum_cleaner,30,4.066666666666666
vacuum_cleaner_004,24,2,2,0,2,0.8,0.06666666666666667,0.06666666666666667,0.0,0.06666666666666667,vacuum_cleaner,30,4.433333333333334
vacuum_cleaner_005,20,0,8,2,0,0.6666666666666666,0.0,0.26666666666666666,0.06666666666666667,0.0,vacuum_cleaner,30,4.2
vacuum_cleaner_006,20,0,2,2,6,0.6666666666666666,0.0,0.06666666666666667,0.06666666666666667,0.2,vacuum_cleaner,30,4.133333333333334
vacuum_cleaner_007,26,0,2,2,0,0.8666666666666667,0.0,0.06666666666666667,0.06666666666666667,0.0,vacuum_cleaner,30,3.8666666666666667
vacuum_cleaner_008,22,0,5,3,0,0.7333333333333333,0.0,0.16666666666666666,0.1,0.0,vacuum_cleaner,30,4.433333333333334
vacuum_cleaner_009,18,2,10,0,0,0.6,0.06666666666666667,0.3333333333333333,0.0,0.0,vacuum_cleaner,30,4.266666666666667
vacuum_cleaner_010,13,0,12,5,0,0.43333333333333335,0.0,0.4,0.16666666666666666,0.0,vacuum_cleaner,30,4.133333333333334
vacuum_cleaner_011,15,0,2,4,9,0.5,0.0,0.06666666666666667,0.13333333333333333,0.3,vacuum_cleaner,30,4.366666666666666
vacuum_cleaner_012,28,0,2,0,0,0.9333333333333333,0.0,0.06666666666666667,0.0,0.0,vacuum_cleaner,30,4.266666666666667
vacuum_cleaner_013,22,4,4,0,0,0.7333333333333333,0.13333333333333333,0.13333333333333333,0.0,0.0,vacuum_cleaner,30,4.466666666666667
vacuum_cleaner_014,17,0,9,2,2,0.5666666666666667,0.0,0.3,0.06666666666666667,0.06666666666666667,vacuum_cleaner,30,4.366666666666666
vacuum_cleaner_015,22,2,6,0,0,0.7333333333333333,0.06666666666666667,0.2,0.0,0.0,vacuum_cleaner,30,4.4
vacuum_cleaner_016,21,6,3,0,0,0.7,0.2,0.1,0.0,0.0,vacuum_cleaner,30,4.2
vacuum_cleaner_017,22,0,4,4,0,0.7333333333333333,0.0,0.13333333333333333,0.13333333333333333,0.0,vacuum_cleaner,30,4.4
vacuum_cleaner_018,15,0,13,0,2,0.5,0.0,0.43333333333333335,0.0,0.06666666666666667,vacuum_cleaner,30,4.366666666666666
vacuum_cleaner_019,26,0,4,0,0,0.8666666666666667,0.0,0.13333333333333333,0.0,0.0,vacuum_cleaner,30,4.366666666666666
vacuum_cleaner_020,23,0,5,2,0,0.7666666666666667,0.0,0.16666666666666666,0.06666666666666667,0.0,vacuum_cleaner,30,4.266666666666667
vacuum_cleaner_021,12,8,8,2,0,0.4,0.26666666666666666,0.26666666666666666,0.06666666666666667,0.0,vacuum_cleaner,30,4.4
vacuum_cleaner_022,19,1,2,2,6,0.6333333333333333,0.03333333333333333,0.06666666666666667,0.06666666666666667,0.2,vacuum_cleaner,30,3.9
vacuum_cleaner_023,15,0,13,2,0,0.5,0.0,0.43333333333333335,0.06666666666666667,0.0,vacuum_cleaner,30,4.133333333333334
vacuum_cleaner_024,21,2,7,0,0,0.7,0.06666666666666667,0.23333333333333334,0.0,0.0,vacuum_cleaner,30,4.433333333333334
vacuum_cleaner_025,4,2,0,16,8,0.13333333333333333,0.06666666666666667,0.0,0.5333333333333333,0.26666666666666666,vacuum_cleaner,30,3.6
