left,right,n,labels_changed,delta_accuracy,accuracy_low,accuracy_high,delta_HASS,HASS_low,HASS_high
canonical__image_category,canonical__image_only,200,16,0.0425,0.0075,0.0775,0.029833333333333333,0.010666666666666666,0.050333333333333334
canonical__image_category,canonical__category_only,200,78,0.0925,0.0425,0.14,0.04566666666666666,0.018999999999999996,0.07233333333333333
canonical__image_category,canonical__shuffled_image_category,200,24,0.0175,-0.0225,0.0575,0.008333333333333333,-0.01,0.02700416666666661
reverse__image_category,reverse__image_only,200,10,0.03,0.005,0.06,0.0275,0.009833333333333333,0.04733333333333333
reverse__image_category,reverse__category_only,200,73,0.055,0.0025,0.1075,0.03966666666666667,0.010166666666666668,0.06900833333333321
reverse__image_category,reverse__shuffled_image_category,200,22,0.0175,-0.0225,0.0575,0.008666666666666665,-0.017004166666666667,0.03433333333333333
canonical__image_category,reverse__image_category,200,15,0.0375,0.005,0.0725,0.020499999999999997,0.0028333333333333344,0.04033333333333333
canonical__image_only,reverse__image_only,200,7,0.025,0.005,0.045,0.018166666666666668,0.004833333333333333,0.034
canonical__category_only,reverse__category_only,200,50,0.0,0.0,0.0,0.014500000000000002,0.0023333333333333426,0.02716666666666667
canonical__shuffled_image_category,reverse__shuffled_image_category,200,15,0.0375,0.01,0.0675,0.020833333333333336,0.006999999999999999,0.0375
