condition,category,accuracy,HASS
canonical__image_category,broom,0.8,0.6186666666666666
canonical__image_category,desk_lamp,0.58,0.44
canonical__image_category,early_automobile,1.0,0.6653333333333332
canonical__image_category,electric_kettle,1.0,0.8506666666666668
canonical__image_category,lounge_chair,0.3,0.30533333333333335
canonical__image_category,sneakers,0.04,0.16
canonical__image_category,sports_car,0.96,0.6893333333333334
canonical__image_category,vacuum_cleaner,0.96,0.66
canonical__image_only,broom,0.8,0.6186666666666666
canonical__image_only,desk_lamp,0.46,0.40133333333333326
canonical__image_only,early_automobile,1.0,0.6653333333333332
canonical__image_only,electric_kettle,0.8,0.6746666666666666
canonical__image_only,lounge_chair,0.24,0.2706666666666667
canonical__image_only,sneakers,0.08,0.17066666666666666
canonical__image_only,sports_car,0.96,0.6893333333333334
canonical__image_only,vacuum_cleaner,0.96,0.66
canonical__category_only,broom,0.8,0.6186666666666666
canonical__category_only,desk_lamp,0.34,0.30266666666666664
canonical__category_only,early_automobile,0.0,0.2173333333333333
canonical__category_only,electric_kettle,1.0,0.8506666666666668
canonical__category_only,lounge_chair,0.32,0.312
canonical__category_only,sneakers,0.48,0.352
canonical__category_only,sports_car,1.0,0.7106666666666667
canonical__category_only,vacuum_cleaner,0.96,0.66
canonical__shuffled_image_category,broom,0.8,0.6186666666666666
canonical__shuffled_image_category,desk_lamp,0.38,0.3786666666666666
canonical__shuffled_image_category,early_automobile,1.0,0.6653333333333332
canonical__shuffled_image_category,electric_kettle,1.0,0.8506666666666668
canonical__shuffled_image_category,lounge_chair,0.32,0.30800000000000005
canonical__shuffled_image_category,sneakers,0.08,0.14933333333333335
canonical__shuffled_image_category,sports_car,0.96,0.6920000000000001
canonical__shuffled_image_category,vacuum_cleaner,0.96,0.66
reverse__image_category,broom,0.8,0.6186666666666666
reverse__image_category,desk_lamp,0.5,0.42266666666666663
reverse__image_category,early_automobile,1.0,0.6653333333333332
reverse__image_category,electric_kettle,0.92,0.7813333333333334
reverse__image_category,lounge_chair,0.2,0.26666666666666666
reverse__image_category,sneakers,0.12,0.19466666666666665
reverse__image_category,sports_car,0.84,0.616
reverse__image_category,vacuum_cleaner,0.96,0.66
reverse__image_only,broom,0.8,0.616
reverse__image_only,desk_lamp,0.46,0.40133333333333326
reverse__image_only,early_automobile,1.0,0.6653333333333332
reverse__image_only,electric_kettle,0.76,0.64
reverse__image_only,lounge_chair,0.24,0.25866666666666666
reverse__image_only,sneakers,0.04,0.14800000000000002
reverse__image_only,sports_car,0.84,0.616
reverse__image_only,vacuum_cleaner,0.96,0.66
reverse__category_only,broom,0.8,0.6186666666666666
reverse__category_only,desk_lamp,0.34,0.30266666666666664
reverse__category_only,early_automobile,1.0,0.6653333333333332
reverse__category_only,electric_kettle,1.0,0.8506666666666668
reverse__category_only,lounge_chair,0.32,0.312
reverse__category_only,sneakers,0.48,0.352
reverse__category_only,sports_car,0.0,0.14666666666666667
reverse__category_only,vacuum_cleaner,0.96,0.66
reverse__shuffled_image_category,broom,0.8,0.6186666666666666
reverse__shuffled_image_category,desk_lamp,0.34,0.35200000000000004
reverse__shuffled_image_category,early_automobile,1.0,0.6653333333333332
reverse__shuffled_image_category,electric_kettle,0.92,0.7973333333333333
reverse__shuffled_image_category,lounge_chair,0.3,0.29200000000000004
reverse__shuffled_image_category,sneakers,0.04,0.14133333333333334
reverse__shuffled_image_category,sports_car,0.84,0.6293333333333333
reverse__shuffled_image_category,vacuum_cleaner,0.96,0.66
